:020000040800F2
:1000000000000220D97F00085561000865610008E2
:100010007561000885610008956100080000000016
:10002000000000000000000000000000A5610008C2
:10003000B561000800000000C5610008D561000836
:100040001D8000081D8000081D8000081D8000081C
:100050001D8000081D8000081D800008F37700083F
:100060001D8000081D800008597700081D800008C9
:100070001D8000081D8000081D8000081D800008EC
:100080001D8000081D8000081D8000081D800008DC
:100090001D8000081D8000081D8000081D800008CC
:1000A0001D8000081D8000081D8000081D800008BC
:1000B0001D8000081D8000081D8000081D800008AC
:1000C0001D8000081D8000081D8000081D8000089C
:1000D0001D8000081D8000081D8000081D8000088C
:1000E0001D8000081D8000081D8000081D8000087C
:1000F0001D8000081D8000081D8000081D8000086C
:100100001D800008954000081D8000081D80000823
:100110001D8000081D8000081D8000081D8000084B
:100120001D8000081D8000081D8000081D8000083B
:100130001D8000081D8000081D8000081D8000082B
:100140001D8000081D8000081D8000081D8000081B
:100150001D8000081D8000081D8000081D8000080B
:100160001D8000081D8000081D8000081D800008FB
:100170001D8000081D8000081D8000081D800008EB
:080180001D8000081D8000082D
:1001C0000348044B834202D0034B03B118477047E6
:1001D000E4010020E4010020000000000548064B77
:1001E0001B1AD90F01EBA301491002D0034B03B135
:1001F00018477047E4010020E401002000000000DF
:1002000010B5064C237843B9FFF7DAFF044B13B15E
:100210000448AFF300800123237010BDE8010020E3
:10022000000000002080000808B5044B1BB1044901
:100230000448AFF30080BDE80840CFE700000000AD
:10024000EC01002020800008002A01D002F5807A0D
:10025000704700BF162030A1ABBE2F48416800296F
:1002600001D0344A11600168002901D13049016090
:100270008168C268294B002900D00B469D46FFF7D4
:10028000E3FF00218B460F462548264A121A00F04C
:100290007BF801F067F915202449ABBE23490968B2
:1002A000002001B40B780131002B15D0202BF9D0A0
:1002B000222B01D0272B01D11A0001E02022013985
:1002C00002B401300B780131002B05D09A42F9D1EC
:1002D00000224B1E1A70E5E76946020092006A444C
:1002E0006B469A4206D9043A14681D6815601C6072
:1002F0000433F6E76C460725AC43A54604000D0021
:10030000094800F0A5F800F017F82000290003F0D4
:100310009FFC00F08BF800BF0400002000000000EC
:10032000E8010020F82000205D04000814010020EE
:10033000F82000207C01002070B50F4B0F4DAB4220
:10034000A3EB050607D0B610002455F8043B013492
:100350009847A642F9D807F065FE094D094B5E1B88
:10036000AB424FEAA60606D0002455F8043B013400
:100370009847A642F9D870BD480101084801010814
:10038000480101084C010108830730B547D0541ECD
:10039000002A3ED0CAB2034601E0013C39D303F83B
:1003A000012B9D07F9D1032C2CD9CDB205EB0525E6
:1003B0000F2C05EB054535D9A4F1100222F00F0CE6
:1003C00003F1100EE6444FEA121C1A46C2E900552A
:1003D000C2E9025510327245F8D10CF1010214F055
:1003E0000C0F03EB021204F00F0C13D0ACF104035A
:1003F00023F003030433134442F8045B9342FBD11C
:100400000CF003042CB1C9B21C4403F8011BA34235
:10041000FBD130BD64461346002CF4D1F9E7034606
:100420001446C0E71A46A446E0E700BF08B5064BED
:10043000044613B1002100F039FC044B1B6803B1E2
:100440009847204600F0FEFCAD0C00083C0300205D
:10045000002301461A46184600F01EBB38B5074D6A
:10046000074C2C1BA41005D0013C55F8043D9847BF
:10047000002CF9D1BDE8384007F0DABD5001010881
:100480004C01010800207047024A0349034800F06C
:10049000E1BA00BF1C010020CD0700083001002098
:1004A0000C4B4168994210B5044601D000F08EF91A
:1004B000A168094B994202D0204600F087F9E16813
:1004C000064B994204D02046BDE8104000F07EB9AA
:1004D00010BD00BF040200206C020020D4020020E6
:1004E000002070472DE9F8432A4C2B49DFF8BC90D7
:1004F000DFF8BC80294FC4F83811002504230822F6
:10050000294604F15C00264EE360C4E90055C4E9C5
:100510000455A5606566A561FFF736FF214B63674B
:100520000822294604F1C400C4E90849C4E90A873D
:10053000C4E91A55C4E91E552567C4F8CC50C4F85F
:1005400080502663FFF720FF174BC4F8DC302946A4
:1005500004F16803082204F59670C4F88830C4E9F1
:100560002398C4E92576C4E93455C4E93855C4F85C
:10057000D850C4F83451C4F8E850FFF705FF04F12F
:10058000D003C4E93D98C4E93F76C4F8F030BDE833
:10059000F88300BF0402002089040008D90B00087A
:1005A000FD0B00080900010012000200710B000899
:1005B000990B0008F8B5254BD3F838310646002BC7
:1005C0003CD0234FD7E90134013B04D51DE05A1C30
:1005D00004F1680419D0B4F90C50013B002DF6D198
:1005E0001C4BE360C4E90155C4E904556566256008
:1005F000A5610822294604F15C00FFF7C5FEC4E9A5
:100600000D55C4E912552046F8BD3D680DB12F4681
:10061000D8E74FF4D671304600F03EF9044680B179
:100620000423C0E900530C302946A0604FF4D07277
:100630002546FFF7A9FE3C602F46C3E7FFF752FFB0
:10064000BFE70C2338603360DDE700BF0402002001
:100650001C0100200100FFFF036A03B17047044B37
:10066000044AD3F838310262002BF7D13AE700BFD1
:1006700004020020A1040008704700BF704700BFBB
:10068000024A0349002000F0E5B900BF1C01002028
:1006900085040008024A0349002000F0DBB900BFCE
:1006A0001C010020E1040008B1F90C302DE9F041F3
:1006B0001E070C4680463DD44A68002A56DDE56A8E
:1006C000002D34D00022D8F80060C8F8002013F4C0
:1006D0008052216A57D101234046A847451C024653
:1006E00066D0B4F90C30E56A216A580705D563680D
:1006F000D21A636B0BB1236CD21A00234046A84771
:10070000431C42D00023636023692360A389DF0474
:1007100000D56065616BC8F8006041B104F1440325
:10072000994202D0404600F037F90023636300206D
:10073000BDE8F0810E69002EF9D09B070D6808BF57
:100740004B690E6018BF0023AD1B8B600BE02B467E
:100750003246216AA76A4046B847B0F1000CA5EBC3
:100760000C05664406DD002DF1DCE0E70A6C002A8A
:10077000A5DCDCE7B4F90C3043F04003A3814FF073
:10078000FF30BDE8F081626DAFE7D8F80010B4F932
:100790000C301D29F0D80C4ACA40D507ECD5226987
:1007A000226000226260DA04B4D50029B1D0B1E73A
:1007B000D8F80030002B94D01D2B01D0162BD9D1A6
:1007C000C8F80060B3E700BF010040200B69B3B177
:1007D00010B5044682B008B1036A5BB1B1F90C30C0
:1007E00013B9002002B010BD204602B0BDE8104091
:1007F000FFF75ABF0191FFF72FFF0199EEE70020A5
:10080000704700BFB8B138B50D4A03691568044692
:100810002BB10DB12B6A53B1B4F90C300BB90020D8
:1008200038BD21462846BDE83840FFF73DBF284681
:10083000FFF712FFF0E7034A0349044800F00AB942
:100840002C0100201C010020CD07000830010020F1
:1008500070B5104E336805460C46B3B121462846A4
:1008600000F074F9431C0CD0C41C24F00304A04213
:1008700005D0211A284600F069F9013001D0204640
:1008800070BD4FF0FF34204670BD194600F05EF990
:100890003060E3E7400300202DE9F843CD1C25F04C
:1008A000030508350C2D38BF0C25002D064618DB36
:1008B000A94216D8DFF8DC8000F044F9D8F804200B
:1008C000A2B1144603E0636822467BB11C4623684C
:1008D0005B1BF8D40B2B1FD89442636854D0536031
:1008E0000CE00C2333600020BDE8F8832946304635
:1008F000FFF7AEFF431C044619D00560304600F0F8
:1009000023F904F10B00231D20F00700C21A1CBFBD
:100910001B1AA350BDE8F88361199442256014BFE7
:100920005160C8F80410635163684B60E6E7D8F87B
:1009300004701FB33C467F68002FFBD12368394603
:10094000304604EB030900F001F9814516D1236814
:10095000ED1A29463046FFF77BFF01300ED02368A1
:10096000D8F804202B442360536883B1A34203D0FA
:100970001A465B689C42FBD10023B0E70C2333602E
:10098000304600F0E1F8AEE7C8F80430B6E7C8F842
:100990000470B3E740030020002950D038B551F867
:1009A000043C0C1F002BB8BFE418054600F0CAF841
:1009B000274A13682BB1A3420CD9216860188342DF
:1009C0002CD0636028461460BDE8384000F0BCB805
:1009D000A3420FD81A465B68002BF9D11168501852
:1009E000844217D02CD3636054602846BDE8384059
:1009F00000F0AAB811685018A04214D020D821687D
:100A000060188342EFD118685B680844C4E90003AA
:100A10005460EAE723680B441360E6E718685B68F4
:100A200008442060CDE720680144501883421160DB
:100A3000DBD1D3E900040144C2E90014D5E77047D3
:100A40000C232B602846BDE8384000F07DB800BF7D
:100A5000440300202DE9F8430746884616464FF028
:100A60000009D6E90154013D10D4A389012B08D90E
:100A7000B4F90E3001332146384602D0C04749EA66
:100A80000009013D6B1C04F16804EED13668002EAC
:100A9000E7D14846BDE8F883F0B5264C256883B019
:100AA00006460F4605B36C681F2C3FDCA6B1D5F88F
:100AB000880048B3D0F8001140F824204FF0010C12
:100AC0000CFA04FC00EB84024CEA0101022EC0F88F
:100AD0000011C2F8803010D0A31C01346C6045F8BE
:100AE0002370002003B0F0BD13481449216010B1F9
:100AF0000068C1F88800114DD5E7D0F8043143EA09
:100B00000C03C0F80431E7E70D49CDE9002369B1D2
:100B10004FF48470AFF3008040B10021C0E9401170
:100B2000DDE900236C68C5F88800C5E74FF0FF30A9
:100B3000D8E700BFD40300200000000048030020D5
:100B400000000000704700BF704700BF38B5074D78
:100B50000022044608462A6000F042FB431C00D0F5
:100B600038BD2B68002BFBD0236038BDD803002094
:100B700010B50C46B1F90E1000F044F8002803DB64
:100B8000636D0344636510BDA38923F48053A3817F
:100B900010BD00BF002070472DE9F0410C46B1F9AF
:100BA0000C101F46CB05054616460BD421F4805188
:100BB000A1813B46B4F90E1032462846BDE8F0410B
:100BC00000F036B8B4F90E100223002200F058F8F5
:100BD000B4F90C10EAE700BF10B50C46B1F90E10DD
:100BE00000F04EF8B4F90C30421C0EBF23F48053D1
:100BF00043F480536065A38110BD00BFB1F90E10AE
:100C000000F02CB838B50C46084D844611462046F5
:100C10001A4600232B60644600F062F9431C00D0A2
:100C200038BD2B68002BFBD0236038BDD8030020D3
:100C300038B50C46084D8446114620461A46002316
:100C40002B60644600F010FA431C00D038BD2B68BE
:100C5000002BFBD0236038BDD803002038B5074DEA
:100C60000022044608462A6000F06EFA431C00D0B9
:100C700038BD2B68002BFBD0236038BDD803002083
:100C800038B50C46084D8446114620461A460023C6
:100C90002B60644600F0C8F9431C00D038BD2B68B7
:100CA000002BFBD0236038BDD80300202DE9F04F86
:100CB000DFF8B890D9F8006083B0002E34D08846B1
:100CC00001907568D6F888706C1E2DD4013506EB3E
:100CD000850507F1800BB8F1000F28D173682A68E9
:100CE000013BA34216BF002374602B60BAB1D6F853
:100CF00004A06FB3D7F800110123A3400B4227D003
:100D0000D7F8040157F8241003422BD101989047DB
:100D10007368D9F80020534520D1B2421ED1013C5E
:100D2000631CA5F10405D6D103B0BDE8F08F57B11F
:100D30005BF824304345D1D0013C621CA5F1040589
:100D4000F2D0002FF4D1013CEED3013CFBD2EBE713
:100D500090477368D9F800205345DED0002AE3D0CD
:100D60001646AEE708469047D2E700BFD4030020FE
:100D7000334B1B68834261D0C26970B50546002AB7
:100D800053D0D16891B100268C5944B121462468D2
:100D90002846FFF701FE002CF8D1EB69D96804362C
:100DA000802EF1D12846FFF7F7FDEA69116819B1E5
:100DB0002846FFF7F1FDEA699468002C3AD02146F5
:100DC00024682846FFF7E8FD002CF8D1696911B1C5
:100DD0002846FFF7E1FDEA691AB111462846FFF7F8
:100DE000DBFD296B11B12846FFF7D6FD696B11B108
:100DF0002846FFF7D1FDA96B11B12846FFF7CCFDBE
:100E0000A96C11B12846FFF7C7FD696C11B12846DE
:100E1000FFF7C2FDE96A11B12846FFF7BDFD2B6A55
:100E20003BB12846BDE87040184741690029CFD141
:100E3000D7E770BD69690029CAD1CEE7704700BF06
:100E40002C010020014608B5024A4FF0FF3000F0A7
:100E500003F800BF2600020000B583B0CDE90021F1
:100E600000F040FB00280CBF1824202400F03AFBBF
:100E700020B16D4620462946ABBE0446009D204663
:100E80002946ABBE044600BF062908B502D0034A76
:100E9000FFF7E2FF024AFFF7DFFF00BF2600020074
:100EA00023000200F0B585B0CDE9010103920624CC
:100EB00001AD20462946ABBE0446631C02D0204645
:100EC00005B0F0BD06F05EFF13260546002730464C
:100ED0003946ABBE064620462E6005B0F0BD00BFC9
:100EE0002DE9F0411F4B1B6884B005460F461446A0
:100EF0000BB11A6AE2B1132D1FD81B4E56F83530CC
:100F00005A1C1AD0CDE90137039406270DF10408C5
:100F100038464146ABBE07467B1C13D006EBC503E3
:100F2000E41B5A68204622445A6004B0BDE8F081B0
:100F30001846FFF791FB132DDFD906F023FF092395
:100F4000036009E006F01EFF13250446002628462C
:100F50003146ABBE054625604FF0FF3004B0BDE81A
:100F6000F08100BF2C010020DC0300202DE9F041BE
:100F70002B4B1B6882B005460C46164613B11A6A05
:100F8000002A43D0132D46D8264F57F83530591C28
:100F900041D0022E28D8012E21D0022E12D0E846B0
:100FA000CDE900340A2630464146ABBE0646731CE6
:100FB0001FD0002E27DB07EBC5077C60204602B060
:100FC000BDE8F08100930C26E84630464146ABBEB2
:100FD0000646721C0DD057F835303444E0E707EB75
:100FE000C5025268A418DAD506F0CCFE16230360B9
:100FF00009E006F0C7FE13250446002628463146C0
:10100000ABBE054625604FF0FF34D7E71846FFF723
:1010100023FB132DB8D906F0B5FE09230360F2E7D0
:101020002C010020DC030020FFF7A0BFF0B585B045
:10103000CDE901010392052401AD20462946ABBE4E
:101040000446631C02D0204605B0F0BD06F09AFEAF
:1010500013260546002730463946ABBE06462046D5
:101060002E6005B0F0BD00BF2DE9F041264B1B6896
:1010700084B006460C4615460BB11A6AFAB1132E17
:1010800022D8224F57F836305A1C1DD0CDE90134F2
:10109000039505240DF1040820464146ABBE0446E5
:1010A000631C16D0002C1EDB07EBC603281B5A68F6
:1010B000AC4202445A6019D004B0BDE8F081184631
:1010C000FFF7CAFA132EDCD906F05CFE0923036091
:1010D00009E006F057FE132504460026284631464F
:1010E000ABBE054625604FF0FF30E5E706F04AFE4F
:1010F00013260546002430462146ABBE0646204650
:101100002E6004B0BDE8F0812C010020DC0300203B
:10111000F0B583B00224019001AD20462946ABBE54
:101120000446631C02D0204603B0F0BD06F02AFE40
:1011300013260546002730463946ABBE06462046F4
:101140002E6003B0F0BD00BFF0B5224B1B6883B02A
:1011500005460BB11A6A2AB3132D28D81E4E56F82D
:1011600035305A1C23D06A1E012A03D8B16832696F
:10117000914210D00193022401AF20463946ABBE04
:101180000446631C204617D01CB94FF0FF3346F8C5
:10119000353003B0F0BD4FF0FF33002046F8353056
:1011A00003B0F0BD1846FFF757FA132DD6D906F055
:1011B000E9FD0923036009E006F0E4FD1325044678
:1011C000002628463146ABBE054625604FF0FF306D
:1011D000DFE700BF2C010020DC0300200120704766
:1011E0000F4A0346D2F8A00010B5A0B103446946E7
:1011F0008B4209D80B490C4C0968A14201D08B42A3
:1012000002D8C2F8A03010BD06F0BCFD0C2303606C
:101210004FF0FF3010BD0548C2F8A000E6E700BF60
:10122000DC0300207C010020ADDEFECAF820002097
:101230001C4B1B6870B505460C460BB11A6ACAB147
:10124000132D1CD8184B53F83520013217D0626883
:101250004FF4806142F400526260A1640C2603EBFB
:10126000C50530462946ABBE05466B1C0CD0256132
:10127000002070BD1846FFF7EFF9132DE2D906F0F4
:1012800081FD0923036009E006F07CFD1325044677
:10129000002628463146ABBE054625604FF0FF309C
:1012A00070BD00BF2C010020DC0300200B4610B5F0
:1012B0000021044658221846FFF766F801462046EA
:1012C000BDE81040FFF7B4BF38B50C4605465822BC
:1012D00000212046FFF758F82846002100F012F8B8
:1012E000431C05460CD0636843F401432146636008
:1012F000FFF79EFF04462846FFF726FF204638BD2D
:101300000446FBE72DE9F0432F4D97B080460E468B
:10131000002402E00134142C50D055F8343001334D
:10132000F8D106F42063B3F5206FE94639D0C6F34F
:101330000047B20740F2016348BF47F002071E4270
:1013400018BF47F00407330748BF27F0040740469B
:1013500048BF47F00807CDF8008006F0D1FD012610
:10136000CDE9017030464946ABBE0646002E09DB8A
:1013700005EBC403002245F834605A60204617B0DC
:10138000BDE8F08306F0FEFC13250446002728463E
:101390003946ABBE054625603446204617B0BDE849
:1013A000F08349464046FFF78FFF0130BFD006F07B
:1013B000E9FC112303604FF0FF34DFE706F0E2FCA5
:1013C00018230360F7E700BFDC0300200EB400B56C
:1013D0000199FFF797FF5DF804EB03B0704700BF7A
:1013E0002DE9F043074683B03B4888460021164666
:1013F000FFF788FF0021044632463846FEF7C4FF57
:10140000611C58D0354B186810B1036A002B55D0B9
:10141000132C40D8324B53F8342001323BD003EB2D
:10142000C4090C2528464946ABBE05466A1C35D082
:10143000032D3DDD033DB5423ADD04220DEB0201F3
:101440002046FFF74DFD032832DD9DF80430532B75
:101450002ED19DF80530482B2AD19DF80630462B19
:1014600026D19DF80730422B22D101224146204649
:10147000FFF77CFD00281BDB324639462046FFF78C
:101480002FFD05462046FFF75FFE6B1C19D028464E
:1014900003B0BDE8F0834FF00009C2E706F072FC2C
:1014A00013260546002730463946ABBE06462E6059
:1014B0002046FFF749FE4FF0FF35E8E7FFF7CCF88D
:1014C000A6E706F05FFC132604460027304639469F
:1014D000ABBE06462660DAE70C0101082C010020AD
:1014E000DC03002010B50E4C6068002882B001DBE0
:1014F00002B010BD0021012201A8C4E90112FFF7CA
:101500006FFF002809DD9DF8043003F0010003F0AF
:101510000203C4E9010302B010BD606802B010BD4F
:101520007C01002010B50E4CA068002882B001DBC1
:1015300002B010BD0021012201A8C4E90112FFF789
:101540004FFF002809DD9DF8040000F0010300F0C2
:101550000200C4E9013002B010BDA06802B010BDA5
:101560007C0100202DE9F04784B0444F019703230C
:10157000002403934FF0010801AE02944046314627
:10158000ABBE80463E4D2346C5F8A4804FF0FF32E7
:1015900045F833200133142BFAD13A4CA368002BC1
:1015A00056DB83B9D5F8A820013209BFD5F8A420AD
:1015B000D5F8A420D5F8AC10C5F8A810C5E90023CB
:1015C00004B0BDE8F0874FF00309042301974FF002
:1015D0000108CDF80C90029340463146ABBE8246DE
:1015E00008230197C5F8ACA0CDF80C9002934046B3
:1015F0003146ABBE0646C5F8A860013608BFD5F82F
:10160000AC20A36808BFC5F8A8200021D5F8A42005
:101610008B42C5E900210FDA01226846C4E90112B4
:10162000FFF7DEFE002825DD9DF8003003F0010203
:1016300003F00203C4E90123002BC1D0D5E92A211C
:101640000023C5E90213C5E9042304B0BDE8F0870F
:10165000002101226846C4E90112FFF7C1FE0028FB
:101660000ADD9DF8003003F0010203F0020362601E
:10167000A36096E7A368DFE7A36892E72401010867
:10168000DC0300207C01002008B506F07BFB58231A
:1016900003604FF0FF3008BDF0B583B00E2400901A
:1016A00006F02EFC01906D4620462946ABBE04464E
:1016B000631C18BF002402D0204603B0F0BD06F022
:1016C00061FB13260546002730463946ABBE064669
:1016D00020462E6003B0F0BDF0B50D4650B1044673
:1016E0001126002730463946ABBE0646F317C4E93B
:1016F0000063A76015B10023C5E900330020F0BDE9
:1017000030B51024002520462946ABBE04462046AD
:1017100030BD00BF70B5044610250026284631466E
:10172000ABBE05461CB1C4E90056C4E902662846B2
:1017300070BD00BF164B1B6870B505460BB11A6A29
:10174000E2B1132D1FD8134B53F8352001321AD0B4
:10175000092403EBC50520462946ABBE0446012CEF
:1017600020460AD006F00EFB132504460026284624
:101770003146ABBE05462560002070BD1846FEF719
:101780006BFF132DDFD906F0FDFA09230360F3E7A1
:101790002C010020DC030020F0B583B0C0B1009024
:1017A00006F0AEFB122401906D4620462946ABBEE2
:1017B0000446631C25460FD0FF2C06D82CB16D00C3
:1017C000C5F3072301D0A342F9D1284603B0F0BDE9
:1017D0000125284603B0F0BD06F0D4FA13260446CE
:1017E000002730463946ABBE06462660EDE700BF0F
:1017F000F0B585B00C46009006F082FB034620460B
:10180000CDE9013406F07CFB0F2403906D462046A1
:101810002946ABBE0446631C06D0003C18BF012419
:101820006442204605B0F0BD06F0ACFA132605462A
:10183000002730463946ABBE064620462E6005B02E
:10184000F0BD00BF10B5044603F050FD2043C0B208
:10185000003818BF012010BD08B503F00BFA01389D
:1018600018BF0120400008BD2DE9F041ADF5007D15
:101870000D4616461F4603F0FDF9012833D1AB078C
:1018800037D07B1EDBB247B3013305EB432703F0B0
:10189000F1F90128B046044606F1010623D10346BA
:1018A00041464FF40072684603F060FEE0B903F071
:1018B000C7FE804603F08AF90128FBD0022813D026
:1018C000B8F1000F10D128464FF40072694605F5B3
:1018D000007506F05DFABD42D9D1002420460DF511
:1018E000007DBDE8F081032420460DF5007DBDE8B4
:1018F000F08104463B464FF400723146284603F01F
:1019000035FE0028F0D103F09BFE054603F05EF99A
:101910000128FBD00228E7D02C1E18BF0124204646
:101920000DF5007DBDE8F0812DE9F041ADF5007DBC
:101930000D4616461F4603F09DF9012833D1AB072B
:1019400037D07B1EDBB247B3013305EB43274FF49F
:1019500000722946684606F01BFA03F08BF901284D
:10196000B046044606F101061DD1034641464FF438
:101970000072684603F0D0FFB0B904F057F8804613
:1019800003F024F90128FBD002280DD0B8F1000F94
:101990000AD105F50075BD42D9D1002420460DF5C8
:1019A000007DBDE8F081032420460DF5007DBDE8F3
:1019B000F08104463B464FF400723146284603F05E
:1019C000ABFF0028F0D104F031F8054603F0FEF833
:1019D0000128FBD00228E7D02C1E18BF0124204686
:1019E0000DF5007DBDE8F0810020704700207047B4
:1019F000016879B10A4601E03A2B05D012F8013BA3
:101A0000202BF9D8002070470B78302B02D10231FF
:101A10008A4202D04FF0FF3070470260F2E700BF09
:101A200038B50D4640B1036804462BB11A781AB197
:101A30008188DA88914203D0092000232B6038BDC9
:101A40005878FFF709FF10F00100F5D12368F5E79A
:101A500038B5C3780BB9002038BD00F13005C26A33
:101A60000446012340782946FFF75EFF80B9E16A0A
:101A7000236AA269E070CB1A9342ECD2A378022BBE
:101A8000E9D10A44607801232946FFF74DFFE2E7D8
:101A9000012038BDF8B505460C46FFF7D9FF30BB2D
:101AA0006B69A11E023B99423BBF6B89AE6A064639
:101AB00001FB036605F13007EE624FF4007200216E
:101AC0003846FEF761FC6B891C466BB1002402E0CE
:101AD00001349C4208D20123687832193946FFF755
:101AE00023FF6B890028F3D0E01A18BF0120F8BD4E
:101AF00030B5421E00F10A044FF0000E2E2507E01B
:101B000001EB0E0C0EF1010E8CF80930944212D04C
:101B1000944612F8013F202BACF1070CF6D0052BB0
:101B200008BFE5238445EBD101EB0E0C0EF1010E4D
:101B30008CF80950E4E78E4400238EF80930C37A0C
:101B40000B72C3690B60C38ACB80038B8B8030BD63
:101B500070B5C37804465BB92378032B23D00022E9
:101B600060781146FFF740FF003818BF012070BDB4
:101B700000F13005C26A407801232946FFF7D4FE00
:101B8000002835D1E16A236AA269E070CB1A93423A
:101B9000E2D2A378022BDFD10A44607801232946E0
:101BA000FFF7C2FED8E72579012DD8D104F1300620
:101BB0004FF4007200213046FEF7E6FB0D4A226327
:101BC000E268C4F81C22E26920690B4BC4F81432A5
:101BD0004AF655210132A4F82E122B46C4F81802F9
:101BE000E26260783146FFF79FFE00232371B6E77B
:101BF000012070BD5252614172724161C26A8A42D3
:101C000001D10020704770B5C37804460D4600F13D
:101C100030065BB9607801232A463146FFF724FE7F
:101C200010B101204FF0FF35E56270BD407801230F
:101C30003146FFF779FE80B9E16A236AA269E07054
:101C4000CB1A9342E6D2A378022BE3D10A44607800
:101C500031460123FFF768FEDCE7012070BD00BFBD
:101C60002DE9F0470678022E04460D46174621D08E
:101C7000032E0CD0012E33D1016A05EB550801EB80
:101C80005821FFF7BBFF70B30120BDE8F087016A60
:101C900001EBD511FFF7B2FF0028F5D1AD0004F13B
:101CA000300205F4FE750121535967F31B035351AC
:101CB000E17012E0016A01EB1521FFF79FFF002898
:101CC000E2D16D0004F1300305F4FF7559195F5539
:101CD000C7F3072201234A70E3700020BDE8F087B4
:101CE0000220BDE8F08708F10109EB07C8F30808F6
:101CF00004F1300AF9B24FEA592215D51AF8083022
:101D000003F00F0343EA01130AF80830216AE67072
:101D100011442046FFF772FF0028B5D1C9F308012E
:101D20005144C7F3071314E00AF80810216AE6705B
:101D300011442046FFF762FF0028A5D1C9F3080926
:101D4000C7F303221AF8093023F00F030AEB090145
:101D5000134301220B70E270BFE700BF012919D9BC
:101D6000F8B5436999420C46054611D20378022B17
:101D700021D0032B10D0012B0AD1016A04EB5407A8
:101D800001EB5721FFF73AFF10B34FF0FF30F8BDDA
:101D90000120F8BD01207047016A01EBD411FFF763
:101DA0002DFF0028F1D1A40004F4FE742544286B13
:101DB00020F07040F8BD016A01EB1421FFF71EFF0F
:101DC0000028E2D1630003F4FF732B44188EF8BDA2
:101DD000C7F30803296A01372B4401EB5721284632
:101DE00093F83060FFF70AFF0028CED1C7F3080749
:101DF0002F4497F8303046EA0320E3074CBF000930
:101E0000C0F30B00F8BD00BF816838B5002305683A
:101E10000361044629B92B78022B18D96B6AB3B138
:101E200019466B89FBB9284605E001280DD96B6975
:101E300098420AD22068FFF791FF431C0146F4D173
:101E4000012038BD0023C4E90513022038BD2B89C9
:101E5000002BFAD06B6AC4E90513002BF5D030359E
:101E6000E561002038BD6A69881E023A9042E9D2D5
:101E7000AA6A00FB0323EEE70129F8B505680E46C0
:101E800028D96B698B4225D90746114622BB2846C3
:101E900011E0FFF7E5FEF0B9D5E90432911E8B425F
:101EA00005D22979013341F0010129712B61A24248
:101EB0001FD9386826463146FFF750FF04460022F6
:101EC00031462846ACB1012C04D0631C13D06B6999
:101ED0009E42DED30220F8BD012AFBD09342F9D9FD
:101EE0004FF0FF322846FFF7BBFE0028F3D13868D9
:101EF000E1E70020F8BD0120F8BD00BF2DE9F04169
:101F000007680646884649BBD7E90352EDB90AB3CC
:101F10007B6901252C4606E0012812D0013053D000
:101F2000AC4217D07B6901349C4202D3012D11D001
:101F3000022430682146FFF711FF0028ECD1012C64
:101F400047D801242046BDE8F0817B69AB42DED949
:101F5000002ADFD100242046BDE8F0813846FFF793
:101F6000FDFE01280446ECD9421C2DD07B6983423A
:101F7000F1D83A69002AEDD008F10104A34298BFD4
:101F8000022430682146FFF7E9FE0128D9D0431C1E
:101F90001AD07B691A4630B1FD68012D04D9AB42D5
:101FA00098BF4546B6E7ACB94546B3E7B8F1010F6F
:101FB000C7D07B699845C4D2224641463846FFF7D0
:101FC0004FFEA0B10128BCD14FF0FF342046BDE840
:101FD000F0817A69A242B4D94FF0FF3221463846E7
:101FE000FFF73EFE0028EDD1B8F1000FDED1D7E9B2
:101FF0000423023B9A42FC6001D8013A3A613B79E2
:1020000043F001033B71A6E72DE9F04383690569BD
:1020100083B0002B4BD02035B5F5001F47D2C5F358
:10202000080806680446B8F1000F07D03036464469
:102030002561E661002003B0BDE8F0830F464169E9
:102040000133836169B37389013B13EA5529EDD1EB
:102050003046FFF783FE012801462CD9421C2CD0C4
:102060007369834211D807B361692046FFF746FFC1
:10207000014620B301281ED0431C1ED001903046DB
:10208000FFF708FDC8B9736901996161023B023924
:10209000994203D27289B36A01FB0239C4F81890DD
:1020A000C4E73389B3EB551FC0D80023A3610420D4
:1020B00003B0BDE8F0830220BDE70120BBE70720A5
:1020C000B9E700BF2DE9F84FD0F8009004460E465E
:1020D00011F8013B2F2BFAD05C2BF8D00023A36022
:1020E00033781F2B40F2DB8004F120074FF02038BB
:1020F000C7F80480C7F80080C7F807803378202B22
:102100001ED900254FF0080C01202A462F2B78D02D
:102110005C2B76D02E2B16D0654511D2802B57D94B
:102120009F2B58D903F12001C9B21C2953D9634907
:10213000222203E011F8012F002A3FD09342F9D167
:102140000620BDE8F88FBCF10B0FF9D00246082538
:102150004FF00B0CB35C202B02F10100D6D80644E3
:1021600094F820202568E52A04BF052284F8202061
:10217000202B8CBF002301239B0084F82B302046AA
:10218000FFF742FE0028DCD105F1300AD4F818B080
:10219000EB6A9B4543D02846FFF75AFC0028D0D174
:1021A000687801235A465146FFF75EFB002834D079
:1021B0004FF0FF33EB620120BDE8F88FA3F161021D
:1021C000192A9CBF203BDBB27B5502460135C1E793
:1021D0003A492222B2E7315C3F29B1D97E2903D99D
:1021E00081F080007C28ABD8BCF1080F0CBF072021
:1021F0000A20A842A4D97B556B1C0232F95402353F
:10220000A8E7304402782F2A064600F10100F9D0F1
:102210005C2AF7D0002DA3D192E7C5F82CB0E36972
:102220001A78002A42D093F80BE00EF03F02A27118
:10223000D87A10F008000AD000212046FFF7E4FE0B
:102240000028A3D0042894F82B3031D079E703F18B
:102250000B0C394601E0002AEED113F8012B11F8DE
:1022600001BB9C45A2EB0B02F5D1002AE4D194F806
:102270002B305A073FF565AF1EF0100F1AD02269B8
:1022800099F80010C2F3080209F13003134403293E
:102290005A8B04BF9B8A42EA0342A26028E780234C
:1022A00084F82B302046BDE8F84FADE594F82B308C
:1022B0005B0701D4052044E7042042E72801010818
:1022C000F8B5044604202568A76905F1300627B350
:1022D000EB6A9F4207D02846FFF7BAFB00B3002302
:1022E000A361F8BDEF62E3691A7832B3DB7AE52ABD
:1022F00003F03F03A37107D02E2A05D00F2B03D084
:1023000023F02003082B09D100212046FFF77CFE93
:102310000028E4D1A769002FDAD170B90020F8BDF8
:10232000687801233A463146FFF79EFA0028D9D053
:102330004FF0FF33EB620120D1E70420CFE700BF6D
:10234000F8B506680546FFF75FFD0446A0B9AF691A
:10235000F36A9F42304611D1EB691B78E52B1FD001
:1023600001212846E3B1FFF74FFE04460028EED0D6
:10237000042814BF044607242046F8BDFFF768FB75
:1023800004460028F8D1707801233A4606F130015E
:10239000FFF76AFAF8B14FF0FF33F3620124EBE77D
:1023A000A9693046FFF72AFC04460028F6D1E869FF
:1023B00020222146FDF7E8FFEA6905F12003013AF2
:1023C0002B3513F8011B02F8011F9D42F9D101239F
:1023D000F3702046F8BDF762BEE700BF70B54FF05E
:1023E000FF360023B1420446C370C6622FD1B4F851
:1023F0002E224AF655239A4235D194F8302002F124
:102400001803DBB2012B03D9EB2A01D0022070BDE7
:1024100094F86630462B07D194F86730412B03D1EE
:1024200094F86830542B22D004F182021149873489
:1024300000E038B912F8013B11F8010BA242A3EBFE
:102440000000F6D1003818BF0120400070BD0D46D5
:102450000A464078012304F13001FFF705FA20B164
:10246000E662042070BD032070BDE562BFE7002076
:1024700070BD00BF380101082DE9F041002384B090
:102480000B600D461646FFF7B3FA013000F0BA8034
:102490008A4F3C68002C00F0BD802C60237806F049
:1024A000FE0663B16078FFF7D7F9C10707D416B10C
:1024B000420700F1AB80002004B0BDE8F0810020AD
:1024C0002080FFF7BFF9C30700F1918016B14507DF
:1024D00000F19C8000212046FFF780FF02286BD08E
:1024E000042800F09980012898BF00267BD8B4F812
:1024F0003B30B3F5007F76D1B4F8461001B9616D79
:1025000094F84020A161531E012BA2706BD894F85F
:102510003D306381002B66D0581E184263D1B4F859
:102520004150258128075ED1B4F8430000B9206DE1
:10253000B4F83EE0BEF1000F55D001FB02F20EEB05
:10254000151C944460454ED3A0EB0C009842B0FBA0
:10255000F3F848D35A4B984545D80EEB06004FF692
:10256000F57EF0450CEB060308F1020C69D840F645
:10257000F57EF045E661A362C4F814C020624DD830
:102580008DB30CF00103104403F2FF130CEB4C026B
:1025900003EB5203B1EB532F606224D34FF0FF33B0
:1025A000C4E90333802222710122BB8822700133E7
:1025B0009BB2BB80E3807EE76D4604F5F77304F2BF
:1025C0002E2069461A7902B19A6841F8042B10331B
:1025D0008342F7D155F8046B032066B904AB9D42E2
:1025E000F8D1042818D00D2004B0BDE8F0810320F4
:1025F00004B0BDE8F08131462046FFF7EFFE012828
:10260000ECD874E70B2004B0BDE8F0810A2004B0D8
:10261000BDE8F0810C20E7E70120E5E7002DE2D0DE
:102620004FEA4C0303F2FF130244B1EB532F6262F3
:10263000D9D380224FF0FF332271C4E90333022241
:10264000B3E7A362B4F85A3020622B43C4F814C035
:10265000E661C8D14FEA8C0303F2FF13E26D6262B8
:10266000B1EB532FBFD34FF0FF33C4E90333B4F8BA
:1026700060308022012B227101D0032295E7711C6A
:102680002046FFF7BBFA0028F7D1B4F82E122071CC
:102690004AF655229142F0D1226B0A4B9A42ECD174
:1026A00003F1FF53D4F8142203F5005320339A4268
:1026B000E3D1D4E98632C4E90323DEE78C040020A9
:1026C000F5FFFF0F5252614110B584B014460190DE
:1026D00003A800910391FFF78BF9013014D00C4A45
:1026E00013680BB100211970019B0BB10021197007
:1026F000136014B9204604B010BD002201A9684639
:10270000FFF7BAFE04B010BD0B2004B010BD00BF2F
:102710008C0400202DE9F0478EB00191002800F0D4
:10272000A48002F03F07164604463A4602A901A8D3
:10273000FFF7A2FE054628B10023236028460EB00D
:10274000BDE8F0870023DDF808808DF812000199BC
:102750000A9303A8CDF80C80FFF7B4FC06F01C0325
:10276000B8BB9DF93720002AC0F284809DF812A0E2
:10277000DDF8289093B31AF0110F7DD1730700F1A3
:102780008E80300732D598F80030B9F81A60032BE4
:1027900004BFB9F8143046EA0346FFF727F92023AF
:1027A00089F80B300023A9F81A30C9F80E0098F800
:1027B0000020032A08BFA9F8143000220123C9F819
:1027C0001C2088F80330002E40F08B8047F0400733
:1027D0000CE00BB1042853D00546ADE71AF0100FFA
:1027E0004CD1B10702D51AF0010F45D1D8F82C30E1
:1027F000C4E9083998F80030B9F81A60032B04BF0F
:10280000B9F8143046EA0346A660D9F81C90B8F827
:102810000630C4F80C90002104F1280A4FF400722D
:10282000C4F80080A38027746174E161616150463F
:10283000FDF7AAFDBA0681D5B9F1000F3FF47EAFCE
:10284000B8F80A70C4F814907F02B945314628D907
:102850002068FFF783FA01280646A9EB07091BD970
:10286000431CF2D1A061012566E7092528460EB078
:10287000BDE8F08706255FE707255DE704255BE7F0
:1028800003A8FFF75DFD47F008070028A4D19DF8D5
:1028900012A0DDF8289076E7A06102254CE7082514
:1028A0004AE7C9F30803A661002B3FF447AFD8F805
:1028B0001430023E023B9E42EFD2B8F80A20D8F80C
:1028C000283006FB0232002AE7D002EB5922E261EF
:1028D00098F8010051460123FEF7C6FF0028C2D137
:1028E0002CE703A831468DF812A0CDF82890D8F82F
:1028F0002CA0FFF7C1FA00287FF46EAF5146404686
:10290000FFF77CF9013EC8F80C6000283FF45EAF89
:10291000A9E700BF2DE9F04F1E4685B00023884689
:10292000336003A905469146FFF77AF8002843D1A2
:10293000687C002841D195F810A01AF0010A00F037
:1029400091806969EF687F1A4F4528BF4F46002F75
:1029500033D00090B346C1F30802002A43D1039E4E
:102960007389013B13EA51232AD0A869726902389E
:10297000023A904231D27189B26A01FB002262B3FD
:10298000B7F5007F03EB02094BD2EA694A456BD0E9
:1029900095F91030002B05F1280468DB70780123CD
:1029A0004A462146FEF760FF00284ED16A69C5F805
:1029B0001C90C2F3080218E0092005B0BDE8F08FB2
:1029C000002948D1A868012807D9421C3DD0726966
:1029D000A861023A02389042CDD3022420466C749A
:1029E00005B0BDE8F08F05F12804A318C2F5007406
:1029F000BC4228BF3C4608F1FF32181913F8011BEE
:102A000002F8011F8342F9D1DBF8003069692344E1
:102A100021443F1BCBF80030A04469619BD1009852
:102A2000CBE703EB57228A424FEA572488BFCC1AE0
:102A30007078E3B24A464146FEF716FF28B995F989
:102A40001030002B1FDB6402DEE7012350466B745D
:102A500005B0BDE8F08FA96928680193FFF77EF9FA
:102A6000019BB0E70720A8E705F128049EE77078EE
:102A700001232146FEF758FF0028E6D12B7C03F006
:102A80007F032B748AE7EB69A3EB0903A342DAD235
:102A900008EB4323013B05F1280205F50A7012F803
:102AA000011B03F8011F8242F9D1CCE72DE9F04F59
:102AB000984685B000230C46C8F8003003A90546A7
:102AC0001746FEF7ADFF00284FD195F81190B9F1E8
:102AD000000F4CD12A7C910740F1C9806B69FB4201
:102AE00028BFDF43002F70D0C3F30802002A42D171
:102AF000DDF80CA0BAF80A60013E16EA53260FD1A1
:102B0000002B40F0AC80A868002800F098800128D5
:102B10005FD0431C00F09B80AB68A861002B7BD08A
:102B200095F91030002B7CDBAB69DAF81420023BFE
:102B3000023A93424DD2BAF80A10DAF8282001FB83
:102B40000322002A45D0B7F5007F324449D2E96913
:102B50006B69914203D0E968994200F28B8005F1DC
:102B60002806EA61C3F3080207E04FF00909484666
:102B700005B0BDE8F08F05F12806C2F5007BBB4526
:102B800002F1FF3228BFBB4606EB020C214604EBE4
:102B90000B0211F8013B0CF8013F9142F9D12B7C5B
:102BA00063F07F032B741446D8F800206B695A44F5
:102BB000C8F80020EA685B449A4238BF1A46B7EB6F
:102BC0000B076B61EA608FD12A7C42F040022A74C5
:102BD000CDE74FF00209484685F8119005B0BDE8F1
:102BE000F08F06EB57238B424FEA572B88BFA1EBA0
:102BF000060B9AF8010001925FFA8BF32146FEF76B
:102C000093FE20BBEB69019A9B1A5B4540D304EB12
:102C10004B224FEA4B2BC6E795F91030A860002BEA
:102C200082DAEA699AF80100012305F12801FEF72A
:102C30007BFE60B92B7C03F07F032B7474E7314675
:102C40002846FFF75BF900287FF461AFBCE74FF03F
:102C50000109484685F8119005B0BDE8F08FA969D3
:102C60002846FFF74BF900287FF451AFACE74FF04F
:102C700007097CE705F128069AF801000192012373
:102C80003146FEF7F1FD0028E1D16B69019A68E752
:102C900004EB432305F1270203F5007013F8011B31
:102CA00002F8011F8342F9D12B7C03F07F032B74C0
:102CB000ADE700BF08B3036870B504462BB11A78BE
:102CC0001AB18188DA88914201D0092070BD587804
:102CD000FEF7C2FDC207F8D4237C13F04000F5D004
:102CE0001B0626680BD4FEF781FE216A0546304696
:102CF000FEF784FF88B1012070BD09207047E269AA
:102D00007078012304F12801FEF70EFE0028F2D1AD
:102D1000237C03F07F032374E5E7636ADA7A42F0E9
:102D20002002DA72A26821689A76C2F30720D87668
:102D30000978032903D1120C1A75120A5A75E26830
:102D4000DA610022C3F816505A820123F37030462C
:102D5000FEF7FEFE237C23F04003237470BD00BF0A
:102D600010B582B00446FFF7A5FF08B102B010BD50
:102D700001A92046FEF754FE10B9206002B010BD34
:102D8000092002B010BD00BF2DE9F04383B00E460C
:102D900001A90446FEF744FE98B994F81180B8F1F1
:102DA000000F0AD1E2686369B24203D2217C88072E
:102DB0000DD41646002161615EB9404603B0BDE8FE
:102DC000F0834FF00908404603B0BDE8F083C4F833
:102DD0001480DDF80490B9F80A707F0213BBA5686F
:102DE00075B93AE0FFF78AF80546002800F08C80B4
:102DF0006B1C2DD0012D37D9D9F81430AB4233D903
:102E00006369A561B74269D2227C3B449207294697
:102E100020466361A6EB0706E4D42068FEF79EFF18
:102E20000546E5E7013B711EB3FBF7F0B1FBF7F197
:102E30008142D4D37942A5690B406361002D3FD113
:102E40009A42BAD2227CE36042F040032374B4E792
:102E50004FF0010884F81180AFE729462046FFF7BC
:102E60004DF80128054604D14FF0020884F811807E
:102E7000A3E7411CECD06369A060A0610028C1D128
:102E8000E1689942C3F3080204D2E360237C43F073
:102E900040032374002A90D0E269AA428DD094F9AD
:102EA0001030019F002B04F128060BDB78783146A7
:102EB00001232A46FEF7D8FC0028C9D1E5617CE74A
:102EC000F61A9FE7787801233146FEF72DFD00289A
:102ED000BED1237C03F07F032374E7E73344C6F3BA
:102EE0000802636192B1D9F81420023D023A95427A
:102EF000BAD2B9F80A10D9F8282005FB0125002D0F
:102F0000B2D005EB5625BBE76369B9E71546B7E7CD
:102F100030B585B0019168B30446002203A901A829
:102F2000FFF7AAFA18B10023236005B030BD039D56
:102F3000019925602046FFF7C5F8B8B994F92B3000
:102F4000002B0BDBA379DB0617D52978E26903296F
:102F5000538B04BF928A43EA0243A360EB88A380A9
:102F60002046FEF751FF0028DFD0DCE7042808BF29
:102F70000520D8E7092005B030BD0520D3E700BF04
:102F800098B1036810B504462BB11A781AB181883C
:102F9000DA88914201D0092010BD5878FEF75CFC18
:102FA00010F00100F7D1206010BD0920704700BF6C
:102FB00058B338B50368044633B11A7822B1DA88B9
:102FC0000D468188914201D0092038BD5878FEF71E
:102FD00043FCC307F8D420469DB1FFF771F910F008
:102FE000FB03F2D16B72A3691BB1E0692946FEF7BE
:102FF0007FFD00212046FFF707F8042808BF0020C6
:1030000038BDBDE83840FEF7FFBE0920704700BF5D
:1030100030B58FB00D460190002203A901A8FFF73B
:103020002BFA044610B120460FB030BD019903A819
:10303000FFF748F804460028F5D19DF93730002BFA
:103040000ADB002DEFD0099B6872002BEBD00A98A9
:103050002946FEF74DFDE6E70624E4E72DE9F047B3
:1030600084B088460190144603A9002201A8FFF706
:1030700003FA074640B9039D2560D5E90436B21E20
:10308000934205D8C8F80030384604B0BDE8F08750
:103090002B78012B1ED0296A04468146ACB3022B43
:1030A00005EB04022BD0126B32F0704208BF09F11D
:1030B00001090434013EC4F30804EFD1C8F80090BC
:1030C0002B79C5F8109043F0010338462B7104B0FA
:1030D000BDE8F0870224814607E0012820D008B926
:1030E00009F101096B69A342E8D921462846FEF798
:1030F00035FE431C04F10104EFD10127DEE7128EF7
:103100000AB909F101090234D4E7284601F1010A9C
:10311000FEF774FD10B92B785146C0E70746CDE79E
:103120000227CBE770B540B1036804462BB11A788B
:103130001AB18188DA88914202D00925284670BDEB
:103140005878FEF789FBC007F7D4657C002DF5D1D0
:10315000237C990722D56369E2689342EED2266800
:10316000F3B9A1682A462046FEF786FEA56063698A
:10317000E360237C43F04003237400283AD11B060C
:10318000DCD5E2697078012304F12801FEF7CCFB5D
:1031900030BB237C03F07F032374CFE70725CDE703
:1031A000A1693046FEF7DAFD421C13D0012808D091
:1031B0007369834217D90146A2692046FEF75CFE77
:1031C000D5E7237C6269E26043F040030225237463
:1031D0006574B3E7237C6269E26043F040032374C3
:1031E00001256574AAE7237C6269E26043F040032D
:1031F0002374C4E705466574A0E700BFF0B59BB033
:103200000222019003A901A8FFF736F908B11BB00B
:10321000F0BD039C01990494002304A80B93FEF7CE
:1032200051FF0028F3D19DF93B30002B1DDB9DF8A9
:103230001630DA0729D422780B9F049E7D8B032A4F
:1032400004BFBA8A45EA0245DB0610D40A99304623
:10325000FEF7D4FC0028DAD1E5233B700123F3709C
:10326000ADB92046FEF774FCD1E70620CFE70FA8E2
:103270000F941195FEF7C8FD0028C8D10FA8FFF7DD
:103280001FF810B10428C2D1E0E70720BFE70246CB
:10329000294604A8FEF7F0FD0028B8D1E1E700BFF9
:1032A0002DE9F0478EB00222019002A901A8FFF794
:1032B000E3F8044618B120460EB0BDE8F087DDE91A
:1032C0000116054603A80396FEF7FCFE0446B8B1B6
:1032D0000428F0D1294603A8FEF710FE73895B028B
:1032E0000546069388B101287DD0431C11D1FEF715
:1032F0007DFB01240022294603A8FEF7BDFDDAE785
:10330000082420460EB0BDE8F0870724FEF76EFBC8
:10331000F0E73046FEF79CFB0446FEF767FB0746E6
:10332000002CE6D129463046FEF7B4FB0028E0D158
:103330003078C6F846704FF02032326372632E2127
:10334000C6F837205FFA85F81022C5F3072903284D
:1033500006F1300386F8301086F83B2086F84A8064
:1033600086F84B9041D05868D3F808C0D3F80CE0E9
:10337000346B3465C6F85CE07065C6F858C0059AD1
:10338000D3F818C01C695869D3F81CE0C6F868C0A7
:1033900086F86A20C2F30722C6F86CE034667066CD
:1033A00086F8511086F86B200123F37003A8FEF70E
:1033B000C7FF044600289DD10A9BC3F8167083F806
:1033C0001A8083F81B903278032A03D12D0C2A0A25
:1033D0001D755A7510210122D9723046F270FEF720
:1033E000B7FB044667E7022490E725FA02F286F865
:1033F0004420120A86F84520D3F804E0D3F808C028
:10340000D3F80CA0059A346B3465C6F85CA0C6F8F6
:1034100054E0C6F858C0D3F814E0D3F818C01C69BB
:10342000D3F81CA0C6F864E0100CC6F868C086F893
:10343000640086F86A20000AC2F30722C6F86CA06E
:10344000346686F8511086F86B2086F86500ABE785
:1034500070B5A2B0019068460091FEF7C9FA022249
:1034600003A901A8FFF708F808B122B070BD039CBA
:1034700001990C940CA8FEF725FE0028F5D19DF8C3
:103480005B3013F0A00F7AD1139D28686968AA6891
:10349000EB680DF1100EAEE80F0028696969AA69A2
:1034A000EB690DF1300CAEE80F00BCE80F000DF138
:1034B0005C0EAEE80F00BCE80F00AEE80F009CE821
:1034C00007008EE80700009917A8FEF7FBFD00280B
:1034D00057D00428C9D117A8FEF732FF0028C4D15D
:1034E0001E9BDDF81D20C3F80D20DDF82120C3F858
:1034F0001120DDF82520C3F81520BDF82D20DDF8BA
:103500002910A3F81D209DF81B20C3F819109DF861
:103510002F10D977D10658BF42F020020121DA726C
:10352000E170DA7AD2061CD5199E0E9AB24218D0F2
:1035300021785A8B032904BF9B8A42EA03426369BC
:10354000023A023B9A4229D26389A16A02FB031123
:1035500021B32046FEF752FBF0B994F851302E2BE0
:103560001ED00C9E12993046FEF748FBA0B9E5220A
:1035700001232A702046F370FEF7EAFA75E7062069
:1035800073E7199A0E9B9A4201D008206DE71B9AA7
:10359000109B9A42F9D19EE7012066E7022064E77A
:1035A000227884F86A60C6F30723032A84F86B3014
:1035B00005D1360C330A84F8646084F86530012341
:1035C000E370CEE72DE9F041804682B017464E1EEB
:1035D000054600240CE0FFF79DF9019B012B0ED15D
:1035E0009DF8003005F8013B0A2B04F1010411D0CD
:1035F000B44201AB4FF0010269463846EBDB0023D1
:103600002B701CB1404602B0BDE8F081204602B0EC
:10361000BDE8F08100232B70F4E700BF30B597B010
:103620000C4640220021054605A8FCF7ADFE01220C
:1036300001AB05A92046CDE9032202948DF8145070
:10364000FFF734FA30B9039A019B9A4202D10498E9
:1036500017B030BD4FF0FF30FAE700BF30B5054678
:1036600097B00C464822002103A8FCF78DFE2B786A
:103670000294002B34D0002106E00134CDE903246C
:10368000114615F8013FBBB101F158020DEB0200E4
:103690004A1C01F10102F4D03B29049C00F8443C8F
:1036A000EBD1029801AB05A9FFF700FA019A3C3A69
:1036B00018BF4FF0FF32E0E74B1C0DD00A460298CE
:1036C00001AB05A9FFF7F2F930B9039A019B9A42C1
:1036D00002D1049817B030BD4FF0FF3017B030BDA5
:1036E0001946EBE70EB42DE9F04FA0B029AE07461E
:1036F00056F8045B2C46002148220DA8FCF744FE36
:1037000014F8013B0D990C970296002B58D004AE8B
:10371000252B40F05B816B78302B00F08F812D2BB7
:1037200000F09081023500272A2B40F07381029A25
:1037300015F8013B1468101D029003F0DF024C2ABB
:1037400004BF15F8013B47F00407002B38D0A3F164
:103750006102192A9ABFA3F12000C0B21846A0F155
:103760004202162A18D8DFE812F07400580042000E
:103770001700170017001700170017001700170091
:10378000170017007F00170017001700F60017003A
:103790004200170017008A000029C0F227810DEBB4
:1037A00001024C1C3B2C0E9F82F83C3045DC01375B
:1037B000CDE90D4721462C4614F8013B002BA7D13B
:1037C0000029C0F230820A460C9803AB0FA9FFF71C
:1037D0006DF9002840F027820D9A039B9A4240F031
:1037E00022820E9820B0BDE8F04F03B07047029AD5
:1037F000944617F0040F5CF804EB40F06281442813
:1038000040F01A82BEF1000FCDF808C07246C0F237
:1038100062814FF0000C0A203DE0029A002902F17B
:1038200004030293C0F2E2800DEB01034C1C12680A
:103830000E9F83F83C203B2CB9DD03AB22460C984D
:103840000FA9FFF733F9039B1C1B18BF4FF0FF3480
:10385000ADE77A0740F15281029850F8042B0290AC
:103860004FF0000C022016E07A0740F13C810298EC
:1038700050F8042B02904FF0000C08200BE0780762
:1038800000F13481029A102002F1040C1268CDF884
:1038900008C04FF0000C782B0CBF4FF0270A4FF0F8
:1038A000070AB6464FF000080197D34603E0202FE1
:1038B00000F04F81B846B2FBF0F900FB1927FBB2CC
:1038C000092F88BF5B44924688BFDBB23033824504
:1038D0000EF8013B4A4608F10107E8D2BB46019FBA
:1038E000BCF1000F05D0EB442D238BF8103008F10C
:1038F000020B17F0010F0CBF4FF020084FF03008FB
:10390000BB0740F12B81DA46B34407E009F101031C
:10391000CDE90D7339465E4500F0F38001F1800377
:1039200000296B4401F101070BF1FF3BF3DB9BF82E
:103930000020DDF8389003F8442C3B2FE6DD03AB84
:103940003A460C980FA9FFF7B1F8039BDF1B18BF8D
:103950004FF0FF37DAE7029AD2F800A09AF8003069
:10396000043207F002070292002B6FD052464FF04C
:10397000000912F8010FCC4609F101090028F8D11D
:103980000CF102084FB914E10BF10103CDE90D73FD
:1039900039461AF8013F002B5ED001F18002002960
:1039A0006A4401F10107F4DB3B2FDDF838B002F87F
:1039B000443CE9DD03AB3A460C980FA9FFF776F8D3
:1039C000039BDF1B18BF4FF0FF37DDE7002915DB36
:1039D0000DEB01024D1C3B2D0E9F82F83C3064DC48
:1039E0000137CDE90D5729462546E4E62B78002B13
:1039F00000F01981252B3FF48EAE6C1C25462B461A
:103A000013F8012B002A3FF4DBAE252A3FF483AEE6
:103A10001D46F4E7A3F13002092A4FF000043FF6F7
:103A20008CAE04EB840403EB440415F8013BA3F1D2
:103A30003002092AA4F13004F3D97EE6AB780127DD
:103A4000033571E6AB78022703356DE6002F00F0F1
:103A5000F58099464FF001084C457FF6ACAE4FF02B
:103A6000200AA14609E00134CDE90D743946C1456B
:103A700008F101037FF69FAE984601F1800300290B
:103A80006B4401F10107F2DB3B2F0E9C03F844ACC1
:103A9000E9DD03AB3A460C980FA9FFF707F8039B43
:103AA000DF1B18BF4FF0FF37DDE703AB2A460C984A
:103AB0000FA9FEF7FBFF039B5D1B18BF4FF0FF35FF
:103AC0008EE74428CDF808C072467FF4A2AEBEF15E
:103AD000000FBFF69EAECEF1000247F008074FF090
:103AE000080C0A20D7E6029A0820CDE6029850F882
:103AF000042B02904FF0000C1020CCE6029A02201A
:103B0000C2E654450AF101077FF655AEA14609E029
:103B10000134CDE90D241146B94507F101033FF405
:103B20004AAE1F4601F1800300296B4401F10102F6
:103B3000F2DB3B290E9C03F8448CE9D10C9803ABD3
:103B40000FA9FEF7B3FF039A3C3A18BF4FF0FF32BC
:103B5000DEE7BB464FF01F08019FC1E6A3450BF10E
:103B6000010967D204F1010A019508E00137CDE9A6
:103B70000D5729464C4509F1010318D0994601F12A
:103B8000800300296B4401F10105F3DB3B2D0E9FFF
:103B900003F8448CEADD03AB2A460C980FA9FEF724
:103BA00085FF039B5D1B18BF4FF0FF35DEE7019DCE
:103BB000AAE64C4547D9C1464FF0200B019508E0D5
:103BC0000137CDE90D5729464C4509F1010318D9B4
:103BD000994601F1800300296B4401F10105F3DBF3
:103BE0003B2D0E9F03F844BCEADD03AB2A460C983C
:103BF0000FA9FEF75BFF039B5D1B18BF4FF0FF355E
:103C0000DEE7A4EB0809444538BF4FF000099AF8F5
:103C10000030019D08F10108C14409F10108002BA1
:103C20007FF4BBAE18E74FF0FF3020B0BDE8F04F97
:103C300003B07047CA4667E60A2025E64FF0010840
:103C4000002CB8D1B7E5C1460CF10308A5E600BFCA
:103C500080B5ADF5127D00AF07F50A73C7F84432A1
:103C6000032000F0ADF9B74B5B6CB64A43F48043D8
:103C70005364B54B1B6AB44A43F00103136200BF9F
:103C8000B14B1B6A03F48073002BF9D001214FF470
:103C9000801002F03BFE00F0ABFA00F063FA00F097
:103CA00077FA00F03DFA00F089FA4FF4407002F024
:103CB000DDFAA64B00221A6000F0EEF900F00EFAD1
:103CC00000F0DCF9A24BC7F84032D7F840320022AE
:103CD0001A604FF40C7200219E48FCF755FB00223D
:103CE0009D499C48FEF7F0FC03461A469B4B1A7010
:103CF0009A4B1B78002B01D000F050F9984B1B68B1
:103D00001B78DAB2974B1B681B78DBB25340DBB2EF
:103D1000FF2B07D0924B1B6800221A70914B1B6837
:103D2000FF221A708E4B1B681B78DBB21946D7F83E
:103D3000440200F009FB8C4BC7F83C323B46D7F8F5
:103D40003C22D7F84412184600F066FA0346002BCE
:103D50001DD0834B1B6800221A70824B1B68FF2208
:103D60001A707F4B1B681B78DBB21946D7F84402E8
:103D700000F0EAFA3B46D7F83C22D7F8441218463E
:103D800000F04AFA0346002B01D000F007F9774B08
:103D90001B68002B2ED0754B1B68013B734A1360C8
:103DA000724B1B68002B25D13B461846FEF7D8FF07
:103DB0003B460222D7F844121846FEF7ABFC0346F6
:103DC0001A46664B1A706A4B19683846D7F83C3267
:103DD000684A00F077FA3B461846FEF7C1FF3B46BB
:103DE0000122D7F844121846FEF794FC03461A46FF
:103DF0005A4B1A70604B1B68B3F1804FC7D25E4BB1
:103E00001B68DBB2002BC2D05B4B1B68012B02D0BE
:103E1000022B48D095E0584B1B6843F08043564A2C
:103E20001360524B1B68002B28D03B461846FEF708
:103E300097FF3B460222D7F844121846FEF76AFC69
:103E400003461A46454B1A704C4B19683846D7F84A
:103E50003C32484A00F036FA444B00221A603B4696
:103E60001846FEF77DFF3B460122D7F8441218465C
:103E7000FEF750FC03461A46384B1A70404B19683F
:103E80003846D7F83C323B4A00F0DAF9D7F83C2202
:103E900038493C4800F08EFA374B1B6843F04043EA
:103EA000354A13604DE0344B1B6843F08043324A7F
:103EB00013603B461846FEF753FF294B1B681B78DF
:103EC000DBB21946D7F8440200F03EFA3B46D7F879
:103ED0003C22D7F84412184600F09EF90346002B06
:103EE0001DD01F4B1B6800221A701E4B1B68FF223F
:103EF0001A701B4B1B681B78DBB21946D7F84402BB
:103F000000F022FA3B46D7F83C22D7F84412184674
:103F100000F082F90346002B01D000F03FF8144B6B
:103F200019683846D7F83C32124A00F089F9D7F8B8
:103F30003C221049134800F03DFA0F4B00221A6052
:103F400000BF24E7003802400038014010E000E0E4
:103F5000A00100209404002060800008C406002016
:103F6000A8010020AC01002078080020D801002022
:103F7000DC01002078090020D0010020E0010020B1
:103F8000D40100207820002046F6824300FB03F392
:103F900010B100BF013BFCD1704700BF064A402072
:103FA0008021064B506100BF013BFCD1034B5161A6
:103FB00000BF013BFCD1F4E700000240E8EDD30074
:103FC00070B5DFF8B4C00546BCE80F008CB002AC99
:103FD0000FC45CF8043B2360BCE80F000DF11C0E1D
:103FE000AEE80F000DEB8503DCF80020CEF80020D2
:103FF0009C68DE6902F0DEFA012002F003FB02F0A9
:1040000009FB08B90CB070BD6200022308214FF40F
:104010008000009602F042FB012002F051FB154A9D
:1040200013689B01FCD5022002F08CFB002002F0FB
:104030009BFB042D09D8012D0CD94FF4A05002F0A0
:104040009DFB4FF4805002F0A3FB0CB0BDE8704024
:1040500002F048B83DB14FF4805002F08FFB0020D1
:1040600002F096FBF1E7284602F088FB284602F0B2
:104070008FFBEAE7003802406480000800B583B097
:10408000034B019301A802F0FBF803B05DF804FBB9
:104090003102000101F018BF00B5012185B04FF4D5
:1040A000804002F063FC0121022002F0B5F80221F9
:1040B00001224FF4406302A802918DF80E20ADF862
:1040C0000C3003F01BFA044B019301A802F0D8F85E
:1040D00005B05DF804FB00BF0700000100B5012139
:1040E00085B04FF4804002F041FC0421022002F030
:1040F00093F8102101224FF4006302A802918DF879
:104100000E20ADF80C3003F0F9F9044B019301A82F
:1041100002F0B6F805B05DF804FB00BF0A0100012B
:1041200000B5012183B0042002F0F0FB0A4B0B48DC
:1041300017226946CDE9002302F0A2F9084B07488F
:1041400008226946CDE9002302F09AF9034A0023C8
:10415000536103B05DF804FB000300010008024056
:104160000103000100B5012183B0082002F0CEFB5D
:104170004FF47F424FF4407304486946CDE9002371
:1041800002F07EF903B05DF804FB00BF000C0240B2
:1041900000B5012183B0102002F0B8FB054B0648A2
:1041A0004FF6FF726946CDE9002302F069F903B0CA
:1041B0005DF804FB000300020010024000B501217D
:1041C00083B0084602F0A2FB00214FF4002002F069
:1041D000C1FBC32240F2013304486946CDE9002304
:1041E00002F04EF903B05DF804FB00BF000002408E
:1041F00008B501214FF0805002F0ACFB012003F024
:10420000F3F94FF48020012102F080FBBDE8084063
:10421000012003F005BA00BF30B5154683B0012276
:104220000446FEF777FA08B103B030BD01AB4FF496
:10423000807229462046FEF76DFB03B030BD00BFFB
:1042400070B593F800C0BCF1450F82B005460C462E
:1042500016460CD04FF4985303FB04F404F5807118
:1042600028461C46FEF790FDF8B102B070BD5A78A2
:10427000582AEFD109B301F1330C03F133029C4406
:104280004FF4807112F8010F944501EB0021F9D130
:1042900034341B5D1C02B4F5B85F284628BF4FF4C8
:1042A000B854FEF771FD0028DFD101AB224631463C
:1042B0002846FEF72FFB02B070BD34244FF4807106
:1042C000E7E700BF70B593F800C0BCF1450F82B0BE
:1042D00005460C4616460CD04FF4985303FB04F4E5
:1042E00004F5807128461C46FEF74EFDF8B102B079
:1042F00070BD5A78582AEFD109B301F1330C03F19C
:1043000033029C444FF4807112F8010F944501EB85
:104310000021F9D134341B5D1C02B4F5B85F284686
:1043200028BF4FF4B854FEF72FFD0028DFD101ABB2
:10433000224631462846FEF7B9FB02B070BD342450
:104340004FF48071E7E700BF30B5184B04468C4648
:1043500093E8070085B001AB03C323F8022B110CCF
:1043600020461970124C01AA432304E0013200F8E0
:10437000013B1378B3B1782BF8D1C51CAE46A4FB32
:104380000C13DB0803EB8301ACEB410130310EF879
:10439000011D86455FFA83FCF1D1D37803322846AC
:1043A000002BE8D1037005B030BD00BF8C80000841
:1043B000CDCCCCCC4B7D01F580725BB101EBC30C55
:1043C0008B7E083103F01F03614540F8232002F57E
:1043D0000072F5D1704700BF30B50B4D83B0044675
:1043E000012155F8200002F091FA05EB4405074A37
:1043F000074B52F824002A8A6946CDE9002302F0CF
:104400003FF803B030BD00BF98800008880100204D
:1044100001020001044B054A03EB400352F820203F
:104420001B8A1383704700BF988000088801002012
:10443000044B054A03EB400352F820201B8A5383A8
:10444000704700BF9880000888010020054A064B8D
:1044500052F8202003EB400351691B8A4B40536103
:10446000704700BF880100209880000870B50C4696
:10447000012186B00546084602F048FA01214FF4B2
:10448000804002F073FA134800EB850000260123F8
:1044900000698DF80C6002A98DF80F60029301F09D
:1044A000EFFF012C01D006B070BD3146304601F05F
:1044B000B3FE4FF4006304A8ADF8143004948DF8F3
:1044C000164003F01BF8044B019301A801F0D8FE3D
:1044D00006B070BD88010020060F0F0108B5044B1F
:1044E00003EB80030121186902F02CF808BD00BF1E
:1044F0008801002000B5002083B002F065FD002097
:1045000002F068FD02F032FD00214FF4006002F07D
:104510002DFA1D480022082102F038F81A4800221E
:10452000092102F033F8184800220A2102F02EF87F
:10453000154800220B2102F029F8134800220C2113
:1045400002F024F811480022022102F01FF84FF473
:104550007062002369460C4800928DF804308DF893
:10456000073001F08DFF042369460848009301F0ED
:1045700087FF4FF4805304480093694601F080FFA1
:1045800003B05DF804FB00BF00080240000C0240CD
:1045900000B5012183B00C2002F0B8F921480C22AB
:1045A000082101F0F3FF1F480C22092101F0EEFF62
:1045B0001C480C220A2101F0E9FF1A480C220B21A9
:1045C00001F0E4FF0C221146164801F0DFFF164807
:1045D0000C22022101F0DAFF144B12484FF47062F2
:1045E0006946CDE9002301F04BFF042369460E48DC
:1045F000009301F045FF4FF48052002369460948BB
:1046000000928DF8073001F03BFF01214FF400606C
:1046100002F0ACF901214FF4800002F077F903B009
:104620005DF804FB00080240000C0240020100019A
:1046300010B54FF0FA5190B00446214802F0E2FE66
:1046400000211F4802F07AFE1D4802F0A1FD1AA1C8
:10465000D1E900014022CDE9000103924FF48050DE
:104660004FF480624FF48041CDE9070100230692A8
:1046700004204FF440320321CDE90932CDE90B018A
:10468000CDE904334FF400024FF4001369460C489F
:104690000294CDE90D2302F011FE012208481021F9
:1046A00002F0C4FE0648202102F05CFE044801210D
:1046B00002F044FE10B010BD00000008802C014044
:1046C0005864024010B54FF0FA5190B004462248A9
:1046D00002F098FE0021204802F030FE1E4802F051
:1046E00057FD1BA1D1E900010023CDE900014FF4E2
:1046F00080424FF480604FF48051CDE90530CDE920
:104700000823029407914FF400024FF4403404212F
:104710000320CDE90C02CDE90333CDE90A414FF482
:10472000001369460C480E9302F0C8FD01220A48A6
:10473000102102F07BFE0848202102F013FE0648FB
:10474000012102F0FBFD10B010BD00BFAFF30080EF
:1047500000000008802C01405864024010B50D4B49
:104760005C6B14F0450FFBD063070DD414F001040B
:1047700005D140F2FF5002F0F5FC204610BD0120AB
:1047800002F0F0FC012010BD042002F0EBFC03203D
:1047900010BD00BF002C014030B5534B596983B0A8
:1047A000002209040D2504464020C3E90202C3E9A2
:1047B000001518464FF4806100921961019202F0D1
:1047C00017FC4A4A536B0193019B13F0450FF9D034
:1047D000019B590760D4019D15F0010556D102F0E7
:1047E00025FC0190019B0D2B02D0102003B030BDA1
:1047F00040F2FF5002F0B6FC284602F01DFC00908B
:10480000009B3B48009AC3F34323104023700028C9
:10481000ECD0009B002B49DB009B5A0044D4009B4A
:104820009B0045D4009BDD0044D4009B1C0143D475
:10483000009B590136D4009BDA013FD4009B1B0238
:104840003ED4009B5D02D0D4009B9C023AD4009BD6
:10485000D90239D4009B1A0338D4009B5B0337D4A8
:10486000009B9D0338D4009BDC0333D4009B1904C8
:1048700038D4009B5A0433D4009B9B042ED4009B55
:1048800013F0080F14BF1A200020AFE7012002F038
:1048900069FC012003B030BD042002F063FC03205A
:1048A00003B030BD0D20A1E709209FE71C209DE744
:1048B0000A209BE70B2099E70C2097E70E2095E74D
:1048C0000F2093E7112091E712208FE713208DE747
:1048D00014208BE7162089E7152087E7192085E744
:1048E000182083E7172081E720070020002C0140D3
:1048F00008E0FFFD3C4A38B5546B14F0450F0546FF
:1049000003D1546B14F0450FFBD0610744D414F06D
:1049100001043AD102F08AFB854201D0102038BD53
:1049200040F2FF5002F01EFC204602F085FB2F4BA8
:104930000340002B2ED0002837DB420033D4830005
:1049400035D4C50035D4040135D4410129D4C20180
:1049500033D4030233D44502E0D4840231D4C102FB
:1049600031D4020331D4430331D4850333D4C40397
:104970002FD4010435D4420431D483042DD410F053
:10498000080F14BF1A20002038BD012002F0EAFBF6
:10499000012038BD184638BD042002F0E3FB032097
:1049A00038BD0D2038BD092038BD1C2038BD0A2077
:1049B00038BD0B2038BD0C2038BD0E2038BD0F206F
:1049C00038BD112038BD122038BD132038BD142049
:1049D00038BD162038BD152038BD192038BD182027
:1049E00038BD172038BD00BF002C014008E0FFFD96
:1049F0002DE9F043054683B0002002F01DFB10F0C6
:104A0000007040F0A0806E4C0022E06000234FF068
:104A1000100920464FF0080840274FF48066CDE982
:104A20000023C4E90197C4F80080266102F0E0FA8F
:104A30004846FFF75FFF10B103B0BDE8F08363693C
:104A4000266103FA09F3C4E902704FF037092046E2
:104A50002360C4F8049002F0CBFA4846FFF74AFFFF
:104A600081460028E8D14FF0FF33A36130200223B4
:104A7000C4E908030022012304F11800C4E90A2351
:104A8000C4F81C8002F0E4FAC4E9039620463326F9
:104A9000A760C4F80090666002F0AAFA3046FFF7FB
:104AA00029FF0028C8D1474FE84640F22A6603E0B4
:104AB00002F04EFB00284AD17B6B33424FF40010CA
:104AC000F6D0082002F044FB002869D1022002F051
:104AD0003FFB002869D1202002F03AFB00283BD19F
:104AE0004FF4007002F034FB0646002862D140F219
:104AF000FF5002F037FB009B012D1BBA35D0DB03C2
:104B00002FD563692E4840271B04C4E90276372558
:104B10004FF48066C4E90035266102F069FA284640
:104B2000FFF7E8FE0346002886D1062520602448CA
:104B3000C4E90157C4E9033602F05AFA284603B023
:104B4000BDE8F043D6E60E2003B0BDE8F08302F0E6
:104B5000A7FA48F8040BAFE7202002F003FB062079
:104B60006AE7252003B0BDE8F0835A03F9D56369ED
:104B7000134840271B04C4E9027637254FF48066AA
:104B8000C4E90035266102F033FA2846FFF7B2FE89
:104B9000034600287FF450AF022222600625C6E7B4
:104BA000082002F0DFFA042046E7022002F0DAFAD9
:104BB000022041E74FF4007002F0D4FA07203BE7EF
:104BC00020070020002C0140FFF794BC10B582B0F4
:104BD00001238DF807309DF80730012B02D0022009
:104BE00002B010BD0E4843690D241B04C0E9003417
:104BF000402100224FF48063C0E90323816002F06A
:104C0000F7F92046FFF776FE0028E8D102F014FA03
:104C1000C0F34320043818BF012002B010BD00BF0C
:104C20002007002010B582B001238DF807309DF8D1
:104C30000730012B02D0FF2002B010BD0C484369A1
:104C40000D241B04C0E90034402100224FF480638E
:104C5000C0E90323816002F0CBF92046FFF74AFE4A
:104C60000028E8D102F0E8F9C0F3432002B010BDFB
:104C70002007002082B001238DF807309DF807003F
:104C800002B070472DE9F043804E83B00021002030
:104C90000023C6E90C01C6E90E01762206F13000B8
:104CA0008DF8073086F84420336402F06DF9032054
:104CB00002F090F9012002F087F942F2107400BF6F
:104CC000013CFCD14FF4806370483361C6E9004475
:104CD000C6E902444FF4803502F08AF902E0013D52
:104CE00000F0C180802002F033FA0028F7D040F2B3
:104CF000FF5002F037FA00238DF807309DF8073097
:104D000003F0FF052BB19DF80700C0B203B0BDE86A
:104D1000F0834FF4D5720823C6E900235B48402294
:104D20004FF48063C6E90225336102F061F9584906
:104D30004A6B12F0450F0ED14FF4803302E0002B86
:104D400000F093804A6B12F0450F03F1FF33F6D069
:104D5000002B00F08A80500700F18780510600F197
:104D600091808DF807509DF80730002B68D1012302
:104D7000B3644FF0804500233360F3604FF48063E9
:104D80004248336137274023B360776002F030F93F
:104D90003846FFF7AFFD8DF807009DF80730002B70
:104DA000B1D145F0004545F4801500233727374839
:104DB0004FF040094FF48068C6E90037C6E9029316
:104DC000C6F8108002F014F93846FFF793FD8DF80D
:104DD00007009DF8073003F0FF07002B93D129232C
:104DE0002A48C6F81080C6E90053C6E9029702F0C7
:104DF000FFF8274A536B13F0450FFBD05A071AD41C
:104E000040F2FF5002F0AEF98DF807709DF80730C0
:104E100003F0FF00002B7FF476AF02F00DF90028BD
:104E200004F101044FF6FF7324DB9C42BDD11B2328
:104E30008DF8073067E7042002F094F90327E3E7D1
:104E400040231248B36000254FF480633727C6E93A
:104E50000353C6E9005702F0CBF83846FFF74AFD86
:104E60008DF8070087E7032346E7042002F07AF96C
:104E7000032576E79C42DAD043007FF544AF022356
:104E8000B36440E7402002F06DF96AE72007002094
:104E9000002C014008B5002002F09CF8002008BD5D
:104EA00038B502F09DF800284DD0504CA36C042B6F
:104EB00002D10025284638BD00230220C4E9003075
:104EC000C0214FF480622046C4E90332A16002F0A1
:104ED0008FF8FFF743FC05460028EBD102F0ACF851
:104EE00003460420E36402F0A7F803460820236584
:104EF00002F0A2F803460C20636502F09DF8A26C54
:104F0000A065022A01D9062A33D100230320C4E96F
:104F1000003040214FF480623448A160C4E903327C
:104F200002F066F8324B5D6B15F0450FFBD0680759
:104F300050D415F0010547D102F078F8032805D0C8
:104F40001025284638BD2525284638BD40F2FF509B
:104F500002F008F9284602F06FF810F4604F3ED0D6
:104F600081043FD44204EBD403043DD4A26C01235A
:104F700000E00123042A9CD01A04C0210920C4E9BE
:104F800001016361194822604FF480630022C4E983
:104F9000032302F02DF8FFF7E1FB0546002889D135
:104FA00002F04AF803460420E36502F045F80346A0
:104FB0000820236602F040F803460C20636602F0E6
:104FC0003BF8A066284638BD0120012502F0CAF84A
:104FD000284638BD042002F0C5F803256AE7A26C14
:104FE000030CC7E7132565E70F2563E720070020BB
:104FF000002C01409B49F0B4D1E917420346A50FAC
:10500000C4F383661D705E70C4F301669E70100E5B
:10501000C4F30746DE700001C4F30726E4B21E7134
:105020005C71D880D8888D6C83F85650C2F30354D5
:1050300080B22043D880C2F3034018724869A3F8B5
:105040005400C2F3C0305872C2F380309872C2F379
:105050004030D872C2F300301873012D4FF00000B9
:105060005873C2F30724486E40F2BD80022D00F051
:10507000A080C4F38012640004F07E045A769C760B
:105080009C7EC0F3C01214438A6E9C7600F07F00B1
:10509000D40FD8761C77900DC2F341745C7700F082
:1050A0000C00C2F382649C77D877DC7FC2F3815016
:1050B0000443DC77C2F34055C2F30044002083F878
:1050C000205083F8210083F82240C2F3C03483F8D3
:1050D0002340C2F3803483F82440C2F3403483F881
:1050E0002540C2F3003483F82640C2F3812483F8BC
:1050F0002740C2F3012483F82840CC6CC2F3460257
:1051000083F82920C4F30742250E4FF0010C120248
:1051100083F82AC083F82C50DA85DA8DC4F307258A
:1051200092B22A432406DA851C630C6D1A6B250E95
:1051300042EA05421A631D6B220A02F47F422A43A7
:105140001A631E6BD1E91521C4F307253543E4B278
:105150001D6383F83440140C150E240683F8355073
:105160009C639D6B140204F47F042C439C639C6B32
:10517000120292B222439A639A6B42EA11629A63D4
:1051800093F83C20C1F30354224383F83C200A0ADD
:1051900002F47062DA87DA8FC1F3072492B22243F5
:1051A000C1F34601DA8783F8401083F841C0F0BCB0
:1051B0007047120402F47C121A611A69040E42EA62
:1051C00004221A611C69C0F3074222431A611A695A
:1051D0000132550BD2049A644FF40072C0F30724D5
:1051E000DD641A6545E7160AB60206F440661E61DC
:1051F0001C69920002F47F7222431A611D69C0F398
:10520000C26445EA90751D611C75C0F302645C754B
:10521000C20BC0F342549C7502F00602C0F38244F4
:10522000DC751A761A7EC0F3C03422431A761E69E2
:105230001D7E1F7A0235012202FA07F7AA404FEAC3
:10524000E27CA2FB072507FB0C5506F1010CA2FB33
:105250000C2C06FB05556544C3E91225C0F3072451
:105260001F6506E72007002038B51F4DAB6C032BE8
:105270001ED0022B19D8B0F5805F19D0B0F5006FA1
:1052800019D00020FFF7B4FB044678B900220023B0
:10529000022105F13000C5E90C23C5E90E2385F88C
:1052A00044102C6401F070FE00E00024204638BD5C
:1052B0002724204638BD0120FFF79AFB044600282A
:1052C000F4D100200021C5E90C0100204FF4006159
:1052D000C5E90E01022305F1300085F844302C6445
:1052E00001F052FEE2E700BF2007002030B583B096
:1052F00000238DF80730FFF74BF901F037FEFFF779
:10530000C1FC8DF807009DF8073023B19DF8070018
:10531000C0B203B030BDFFF7C3FD8DF807009DF8A4
:10532000073003F0FF05002BF0D11D4C00220023B5
:10533000022104F13000C4E90C23C4E90E2384F8EF
:105340004410256401F020FE04F17000FFF752FEC6
:105350008DF807509DF8073003F0FF0253B19DF818
:10536000073003F0FF00002BD0D1FFF77DFF8DF851
:105370000700CBE7B4F8C43007251B044021C4E97B
:10538000003520464FF48063C4E90323A16001F097
:105390002FFE2846FFF7AEFA8DF80700DFE700BFC3
:1053A0002007002010B5094907244023C1E9000463
:1053B00000228B6008464FF48063C1E9032301F0AB
:1053C00017FE2046BDE81040FFF794BA20070020E2
:1053D0002DE9F84F2D4C0F462D49002384F8C83095
:1053E000C4F8CC30C4F8D030CB62A36C022B14BF0D
:1053F00016464FF400764FF010054FF0000380463C
:105400004FF0400A21484FF48069C4E90065C4E9BF
:1054100002A308BF7F0AC4F8109001F0E9FD2846F6
:10542000FFF768FA054610B12846BDE8F88F4FF03F
:10543000FF339021A062A3611648E66102234FF07A
:10544000010BC4E90813C4F82CB001F001FEC4E953
:1054500002A50E48276011256560C4F8109001F080
:10546000C7FD2846FFF746FA05460028DCD1594615
:1054700040F22A3001F060FE584601F057FE4046E7
:105480003146FFF71FF92846BDE8F88F20070020B6
:10549000002C0140380700202DE9F84F304C994688
:1054A000A36C0F462F49022B4FF0000580464FF0AA
:1054B000010084F8C85018BF1646C4F8CC5008BF85
:1054C0004FF40076C4F8D0004FF00003CD622448BA
:1054D00026604FF010054FF0400B4FF4806AC4E98E
:1054E000015BC4E9033A08BF7F0A01F081FD284649
:1054F000FFF700FA054610B12846BDE8F88F4FF0D7
:10550000FF33902106FB09F6A062A3611648E6610D
:1055100002234FF00109C4E90813C4F82C9001F0EC
:1055200097FDC4E902B50E48276012256560C4F8EE
:1055300010A001F05DFD2846FFF7DCF905460028C4
:10554000DAD1494640F22A3001F0F6FD484601F032
:10555000EDFD40463146FFF7B5F82846BDE8F88F27
:1055600020070020002C0140380700202DE9F84FCB
:10557000304C1F46A36C93462F4A022B4FF0000578
:105580000E464FF0010184F8C85008BF4FF4007B6D
:10559000C4F8CC504FF00003C4F8D0108046D56258
:1055A0002448C4F800B04FF010054FF0400A4FF403
:1055B0008069C4E9015AC4E9033918BF0BFB06F638
:1055C00001F016FD2846FFF795F9054610B128466B
:1055D000BDE8F88F4FF0FF33902107FB0BFBA06273
:1055E000A3611648C4F81CB002230127C4E90813BC
:1055F000E76201F02DFDC4E902A50E4826601225E0
:105600006560C4F8109001F0F3FC2846FFF772F9CA
:1056100005460028DBD1394640F22A3001F08CFDE6
:10562000384601F083FD40465946FFF74BF82846BF
:10563000BDE8F88F20070020002C0140380700202B
:1056400070B53D4DD5F8D4304BB10CE095F8C8207D
:105650004AB95A1C07D0D5F8D42001331AB9D5F865
:10566000CC20002AF2D0354A0023C5F8D430506B44
:1056700010F4005048D04FF0FF3400E07CB3536B7F
:1056800013F4005304F1FF34F8D1D5F8D020012AE7
:105690000FD0B4FA84F04009860040F2FF5001F0C8
:1056A00061FD95F8C83013B195F8C800C6B2304610
:1056B00070BD40220C262048AA604FF48062C5E9E4
:1056C0000036C5E9033201F093FC3046FFF712F9CA
:1056D0000646002CE1D1002E08BF0426DDE7D5F8F0
:1056E000D030012BD5D10C2640224FF480631248D4
:1056F0002B61C5E90046C5E9022401F079FC30467A
:10570000FFF7F8F80646E6E7D5F8D030012B01D0D0
:105710000646C2E740220C24C5E902204FF480630C
:10572000C5E9000404482B6101F062FC2046FFF744
:10573000E1F80646B1E700BF20070020002C014039
:105740002DE9F0472C4C0F462C49002384F8C83033
:10575000C4F8CC30C4F8D030CB62A36C022B14BF99
:1057600016464FF400764FF010054FF000038046C8
:105770004FF0400A20484FF48069C4E90065C4E94D
:1057800002A308BF7F0AC4F8109001F031FC28463C
:10579000FFF7B0F8054610B12846BDE8F087182598
:1057A000C4E902A0144865602760C4F8109001F0B5
:1057B0001FFC2846FFF79EF805460028ECD14FF065
:1057C000FF330127C4E90900A3610D48E762902374
:1057D000C4E9076301F03CFC394640F22A3001F08D
:1057E000ABFC31464046FEF723FF384601F09EFCF5
:1057F0002846BDE8F08700BF20070020002C0140AC
:10580000380700202DE9F84F404C9946A36C0F460D
:105810003F49022B4FF0000580464FF0010084F80D
:10582000C85018BF1646C4F8CC5008BF4FF40076D5
:10583000C4F8D0004FF00003CD62344826604FF02A
:1058400010054FF0400B4FF4806AC4E9015BC4E9D6
:10585000033A08BF7F0A01F0CBFB2846FFF74AF85E
:10586000054610B12846BDE8F88F6369C4F810A05A
:105870001B043725C4E902B024482360656001F0A9
:10588000B7FB2846FFF736F805460028EAD117256A
:10589000E0601E486560C4F80090C4F808B0C4F821
:1058A00010A001F0A5FB2846FFF724F805460028C4
:1058B000D8D11925C4E902B0144865602760C4F83E
:1058C00010A001F095FB2846FFF714F805460028C4
:1058D000C8D106FB09F690230127C4E90763C4E990
:1058E00009004FF0FF330B48A361E76201F0B0FB02
:1058F000394640F22A3001F01FFC384601F016FC10
:1059000031464046FEF794FEACE700BF200700207A
:10591000002C0140380700202DE9F84F404C1F466D
:10592000A36C88463F49022B164681464FF0000281
:105930004FF0010084F8C82008BF4FF40076C4F887
:10594000CC204FF01005C4F8D0004FF00003CA621D
:10595000334826604FF0400B4FF4806AC4E9015B86
:10596000C4E9033A18BF06FB08F801F041FB2846DA
:10597000FEF7C0FF054610B12846BDE8F88F636901
:10598000C4F810A01B043725C4E902B024482360E2
:10599000656001F02DFB2846FEF7ACFF05460028A8
:1059A000EAD11725E0601E4865602760C4F808B09A
:1059B000C4F810A001F01CFB2846FEF79BFF05462B
:1059C0000028D9D11925C4E902B015486560C4F88A
:1059D0000080C4F810A001F00BFB2846FEF78AFFF8
:1059E00005460028C8D107FB06F690230127C4E925
:1059F0000763C4E909004FF0FF330B48A361E76276
:105A000001F026FB394640F22A3001F095FB38467A
:105A100001F08CFB31464846FEF70AFEACE700BFBA
:105A200020070020002C01403807002070B53D4DB4
:105A3000D5F8D4304BB10CE095F8C8204AB95A1CBF
:105A400007D0D5F8D42001331AB9D5F8CC20002AD4
:105A5000F2D0354A0023C5F8D430506B10F4805092
:105A600048D04FF0FF3400E07CB3536B13F4805305
:105A700004F1FF34F8D1D5F8D020012A0FD0B4FAC0
:105A800084F04009860040F2FF5001F06BFB95F86E
:105A9000C83013B195F8C800C6B2304670BD402278
:105AA0000C262048AA604FF48062C5E90036C5E99B
:105AB000033201F09DFA3046FEF71CFF0646002C2B
:105AC000E1D1002E08BF0426DDE7D5F8D030012B48
:105AD000D5D10C2640224FF4806312482B61C5E9D2
:105AE0000046C5E9022401F083FA3046FEF702FFC2
:105AF0000646E6E7D5F8D030012B01D00646C2E7CE
:105B000040220C24C5E902204FF48063C5E900045B
:105B100004482B6101F06CFA2046FEF7EBFE0646C6
:105B2000B1E700BF20070020002C0140034B586B59
:105B300000F44050003818BF01207047002C01408D
:105B400010B5094800230C2440214FF48062C0E9BD
:105B500000348160C360026101F04AFA2046BDE86A
:105B60001040FEF7C7BE00BF200700202DE9F0431C
:105B7000404D2A6E83B00023920101938DF80330CB
:105B800045D53D4A0746184653683C4ADBB20E46A7
:105B90000233B2FBF3F3019301F04EFA10F00074FC
:105BA00062D1AB6C022B37D038D940220023314868
:105BB000AA6026264FF48062C5E90036C5E90332A3
:105BC00001F016FA3046FEF795FE0346D8B9019B60
:105BD0001BB1019B0134A342FBD80DF10300FEF77A
:105BE000DBFD4FF0FF34034609E09DF80320063A41
:105BF000012A08D8FEF7D0FD013C034603D00DF181
:105C00000300002BF1D0184603B0BDE8F083252334
:105C1000184603B0BDE8F0837F0A760A4FF02008EB
:105C20000023C5E9007813484FF040094FF480671E
:105C3000C5E902932F6101F0DBF94046FEF75AFEF9
:105C400003460028DFD10B482E602126C5E9033723
:105C5000C5F808906E6001F0CBF93046FEF74AFEB9
:105C600003460028A1D0CEE70E23184603B0BDE8B6
:105C7000F08300BF20070020002C0140C0D40100A9
:105C800038B5D8B105460F4843690D2440221B049E
:105C9000C0E9003482604FF480630022C0E903232E
:105CA00001F0A6F92046FEF725FE044608B120467D
:105CB00038BD01F0C1F92860204638BD26242046B1
:105CC00038BD00BF200700202DE9F843074600201B
:105CD00001F0B2F910F000757ED1514C10264FF052
:105CE000400820464FF48069C4E90086C4E9028573
:105CF000C4F8109001F07CF93046FEF7FBFD064633
:105D000010B13046BDE8F8836369C4F810901B04F5
:105D10003726204623606660C4E9028501F068F9F1
:105D20003046FEF7E7FD06460028EAD14FF0FF3384
:105D30006021A3610223C4E908130022012304F1B6
:105D40001800C4E90A230D26C4F81C8001F080F96C
:105D500020466660C4E90359C4F80880256001F054
:105D600047F93046FEF7C6FD06460028C9D1DFF8E0
:105D7000B4801C3740F22A6604E04FF4004001F082
:105D8000E7F968BBD8F834303342F6D0082001F088
:105D9000DFF9A0BB022001F0DBF9A8BB202001F055
:105DA000D7F938BB4FF4007001F0D2F9064680BB3A
:105DB0001C3F06E06B1C0AD001F072F947F8040B97
:105DC00001354FF4001001F0C3F90028F2D140F280
:105DD000FF5001F0C7F994E70E263046BDE8F8837E
:105DE000A7F1200401F05CF944F8040FBC42F9D19A
:105DF0002037C7E7202001F0B5F9062681E7082003
:105E000001F0B0F904267CE7022001F0ABF902268C
:105E100077E74FF4007001F0A5F9072671E700BF9E
:105E200020070020002C014038B5264D044605F11E
:105E3000D800FFF749FF002842D195F8D8309B09D8
:105E4000237095F8D830C3F34013637095F8DA30B7
:105E50001B026380638895F8DB209BB21343638049
:105E600095F8DC301B066360636895F8DD2043EA33
:105E700002436360636895F8DE2043EA02236360AF
:105E8000626895F8DF301343636095F8E030237261
:105E900095F8E130637295F8E2301B09A37295F82A
:105EA000E3301B02A381A38995F8E4209BB213433E
:105EB000A38195F8E5309A0803F00303A273E37316
:105EC00038BD00BF2007002010B54FF4807001F0EE
:105ED0004FF990B1294C00234FF4807084F8C830FA
:105EE00001F050F90123C4F8CC3000214CF23A30D3
:105EF00001F022F994F8C80010BD022001F038F931
:105F000038B11E4C022001F03DF9022384F8C8305C
:105F1000EBE7082001F02CF958B9202001F028F90E
:105F200078B1164C202001F02DF9062384F8C830F2
:105F3000DBE7124C082001F025F9042384F8C8306F
:105F4000D3E7102001F014F930B94FF4007001F0DC
:105F50000FF948B9094CC8E7084C102001F012F9B4
:105F6000052384F8C830C0E7044C4FF4007001F0FA
:105F700009F9072384F8C830B7E700BF20070020DD
:105F8000074B1B6813F0C05F00D17047054B0648F4
:105F900001224FF0C251C3F8D42001F033BA00BF40
:105FA0000064024020070020586402400346012B91
:105FB0004FF0000005D05B080130012BC0B2FAD1D0
:105FC000704770474148424AD0F8883043F4700324
:105FD00082B0C0F888301368002143F001031360D9
:105FE00091601368A0F1BC2023F0847323F4803304
:105FF000F03813605060136823F480231360D1607D
:1060000000910191136843F48033136003E0009B17
:10601000B3F5A04F09D0136803F400330193009B3C
:1060200001330093019B002BF1D0294B1B6813F423
:10603000003318BF01230193019B012B14D0244A84
:106040002449936823F400039360C2F88410136812
:1060500043F08063136013681B01FCD51B4B4FF0AA
:1060600000629A6002B07047194B1B491A6C1B48BA
:1060700042F080521A640A6842F440420A609A6808
:106080009A609A6842F400429A609A6842F4A05278
:106090009A6058601A6842F080721A601A68920119
:1060A000FCD50F4A40F205611160996821F00301A7
:1060B0009960996841F00201A2F580629960936845
:1060C00003F00C03082BFAD1B9E700BF00ED00E0A4
:1060D000003802400030005000700040083C40058D
:1060E000003C0240164A936803F00C03042B25D0B1
:1060F000082B0AD0134B124A134892681349C2F373
:106100000312825CD3400B6070475368516813F4EC
:10611000800F536814BF0E4A0A4AC3F3881301F074
:106120003F01B2FBF1F202FB03F3054A5268C2F3EE
:10613000014201325200B3FBF2F3DCE7044BDAE731
:10614000003802400024F400C88000089C010020B0
:1061500000127A00014B024A1A60FEE7380800205C
:1061600078563412014B024A1A60FEE738080020C4
:1061700078567856014B024A1A60FEE7380800202C
:1061800044332211014B024A1A60FEE7380800200E
:1061900055665566014B024A1A60FEE73808002032
:1061A000AA99AA99014B024A1A60FEE73808002012
:1061B000CC11CC11024B6FF011121A60FEE700BF38
:1061C00038080020014B024A1A60FEE73808002018
:1061D00088118811014B024A1A60FEE73808002036
:1061E0005577557708B501214FF4804000F0FAFB50
:1061F000BDE8084000214FF4804000F0F3BB00BF31
:10620000014B1860704700BF00380140014B186215
:10621000704700BF0000274201F0FC0303F18043F8
:1062200003F59C3301F003019A6889004FF00F0CCD
:106230000CFA01FC22EA0C029A609A68884010432A
:1062400098607047014BC3F8DC007047000027429C
:10625000014BC3F80004704700002742024B186A44
:10626000C0F30020704700BF00380140034B40F0EE
:10627000BF6040F40030D860704700BF00ED00E020
:1062800010B50278C378012102F01F044FEA521EB4
:10629000A140DBB1104B4478DB686FEA030CCCF310
:1062A000022C8378CCF10400C0B204FA00F00F2471
:1062B00044FA0CF4C0B22340034308481B010244D3
:1062C000DBB282F8003340F82E1010BD034B0EF104
:1062D000200E43F82E1010BD00ED00E000E100E0BC
:1062E00021F06041024B21F07F010143996070472A
:1062F00000ED00E0044A136911B1034313617047D4
:1063000023EA00031361704700ED00E04FF0E02244
:10631000042813690CBF43F0040323F00403136142
:10632000704700BF08B54B4B984228D04A4B984263
:106330002FD04A4B984236D0494B984215D0494B02
:1063400098423AD0484B984241D0484B984248D066
:10635000474B98425BD0474B98424CD0464B9842B3
:106360005FD0464B984268D008BD0121082000F05C
:1063700009FBBDE808400021082000F003BB012113
:10638000084600F0FFFABDE808400021012000F0B7
:10639000F9BA0121022000F0F5FABDE80840002119
:1063A000022000F0EFBA0121042000F0EBFABDE872
:1063B00008400021042000F0E5BA0121102000F07F
:1063C000E1FABDE808400021102000F0DBBA01210D
:1063D000202000F0D7FABDE808400021202000F07E
:1063E000D1BA0121402000F0CDFABDE808400021DB
:1063F000402000F0C7BA01214FF4807000F0C2FACB
:10640000BDE8084000214FF4807000F0BBBA0121C4
:10641000802000F0B7FABDE808400021802000F09D
:10642000B1BA01214FF4007000F0ACFABDE80840A9
:1064300000214FF4007000F0A5BA01214FF48060F4
:1064400000F0A0FABDE8084000214FF4806000F0A1
:1064500099BA00BF00000240000402400008024058
:10646000000C0240001002400014024000180240DC
:10647000001C02400020024000240240002802408C
:1064800000222DE9F04713460D684FF0010E032658
:1064900004E00133102B02F1020239D00EFA03FCA2
:1064A0003CEA0504F5D1076806FA02F427EA040776
:1064B00007600F79D0F800A007FA02F9013F49EA16
:1064C0000A09012FA046C0F800906FEA040411D811
:1064D00087683C4084604C79876894403C43846082
:1064E000446824EA0C0444608C7947689C40A4B258
:1064F0003C434460C46824EA0804C460CC79C7689B
:10650000944001333C43102BC46002F10202C5D118
:10651000BDE8F0874FF6FF720023C0E90023704703
:1065200082B04FF480330193019B0B430193019B95
:10653000C361C161019BC361C3690193C3690193D5
:1065400002B0704700690840003818BF012070474A
:10655000006980B2704700BF40690840003818BF2A
:1065600001207047406980B2704700BF01837047C7
:10657000418370470AB1018370474183704700BF70
:10658000416170474369594041617047CB0800EB56
:10659000830001F00701036A89004FF00F0C0CFA29
:1065A00001FC23EA0C030362036A8A401A43026275
:1065B000704700BF0F4B10481A68002142F00102DB
:1065C00010B41A6099601A680C4C22F0A85222F498
:1065D00010221A600A4A5C60C3F88400C3F888205D
:1065E0001A685DF8044B22F480221A60D960C3F85F
:1065F0008C1070470038024000300020103000241A
:1066000000300024024B00229A709870704700BF3F
:106610000038024082B000230A4A0193136813F441
:10662000003F019B03F101030193019B05D0054B42
:106630001868C0F3404002B07047B3F5A04FEDD1E9
:10664000F5E700BF00380240034A136823F0F8035F
:1066500043EAC0031360704700380240014B1860E2
:10666000704700BF00004742084B0022012883F812
:10667000702083F8702006D0042800D070470522CF
:1066800083F87020704783F870007047003802402C
:10669000014BC3F8800E70470000474210B4019CC4
:1066A00040EA046008435B0804495DF8044B40EA93
:1066B0008210013B40EA03404860704700380240C6
:1066C000014B1866704700BF00004742034B0907A3
:1066D00041EA8011C3F88410704700BF00380240BF
:1066E000014B9866704700BF000047421207044BF9
:1066F00042EA016242EA8012C3F88820704700BF74
:1067000000380240014B1867704700BF0000474245
:10671000014BD864704700BF00004742034A9368AA
:1067200023F0EC630B43184390607047003802403D
:10673000034A936823F078430B43184390607047F3
:1067400000380240034A936823F003030343936035
:10675000704700BF00380240024B986800F00C0000
:10676000704700BF00380240034A936823F0F003EB
:1067700003439360704700BF00380240034A9368A8
:1067800023F4E05303439360704700BF0038024096
:10679000034A936823F4604343EAC003936070475D
:1067A000003802401E4A936803F00C03042B10B417
:1067B00034D0082B19D01B4B194A036094681A492E
:1067C000C4F303140C5DE34043609468C4F3822473
:1067D0000C5D23FA04F4846092685DF8044BC2F304
:1067E00042328A5CD340C36070475368516813F4E7
:1067F000800F536814BF0D4A0A4AC3F3881301F08F
:106800003F01B2FBF1F202FB03F3054A5268C2F307
:10681000014201325200B3FBF2F3CDE7034BCBE769
:10682000003802400024F400D880000800127A00EA
:1068300000F44073B3F5407F09D108498A6820F01D
:10684000704323F4407322F4F81213438B60034B1C
:106850001A6FC0F30B0010431867704700380240EE
:10686000014BC3F83C0E704700004742014BC3F890
:10687000400E704700004742014BC3F85C0170476F
:1068800000004742044AD2F88C3023F440130343FB
:10689000C2F88C30704700BF00380240044AD2F87A
:1068A0008C3023F440030343C2F88C30704700BFA0
:1068B00000380240044AD2F88C30013823F01F031C
:1068C0001843C2F88C00704700380240054AD2F8DD
:1068D0008C30013823F4F85343EA0023C2F88C309B
:1068E000704700BF00380240044AD2F88C3023F4CD
:1068F00040330343C2F88C30704700BF0038024079
:10690000014BC3F8E001704700104742044A136B83
:1069100011B103431363704723EA00031363704705
:1069200000380240044A536B11B10343536370476C
:1069300023EA00035363704700380240044A936B14
:1069400011B103439363704723EA000393637047D5
:1069500000380240044A136C11B1034313647047BA
:1069600023EA00031364704700380240044A536C62
:1069700011B103435364704723EA00035364704723
:1069800000380240044A136911B103431361704790
:1069900023EA00031361704700380240044A536938
:1069A00011B103435361704723EA000353617047F9
:1069B00000380240044A936911B103439361704760
:1069C00023EA00039361704700380240044A136AC7
:1069D00011B103431362704723EA00031362704747
:1069E00000380240044A536A11B1034353627047AE
:1069F00023EA00035362704700380240044A136DD3
:106A000011B103431365704723EA00031365704710
:106A100000380240044A536D11B103435365704777
:106A200023EA00035365704700380240044A936D1F
:106A300011B103439365704723EA000393657047E0
:106A400000380240044A136E11B1034313667047C5
:106A500023EA00031366704700380240044A536E6D
:106A600011B103435366704723EA0003536670472E
:106A700000380240044A136F01280CBF43F008039A
:106A800023F008031367704700380240044A537B21
:106A900011B103435373704723EA000353737047E4
:106AA000003802404309012B0BD0022B094B0CBFCD
:106AB0001B6F5B6F00F01F0023FA00F000F0010075
:106AC0007047044B1B6800F01F0023FA00F000F031
:106AD0000100704700380240024A536F43F0807350
:106AE0005367704700380240034BDB68184000389A
:106AF00018BF0120704700BF00380240014B987357
:106B0000704700BF0038024008B53A4B984221D088
:106B1000394B984228D0394B984231D0384B984263
:106B20000CD0384B984237D0374B984240D0374B37
:106B3000984247D0364B984250D008BD01214FF4BF
:106B40000020FFF743FFBDE8084000214FF400207C
:106B5000FFF73CBF01211020FFF744FFBDE80840CC
:106B600000211020FFF73EBF01214FF40030FFF756
:106B70002DFFBDE8084000214FF40030FFF726BF8D
:106B800001214FF48020FFF721FFBDE808400021DC
:106B90004FF48020FFF71ABF01214FF48010FFF758
:106BA00015FFBDE8084000214FF48010FFF70EBF2D
:106BB00001212020FFF716FFBDE80840002120201A
:106BC000FFF710BF01214FF08040FFF7FFFEBDE847
:106BD000084000214FF08040FFF7F8BE01214FF040
:106BE0000040FFF7F3FEBDE8084000214FF00040F1
:106BF000FFF7ECBE00100140004400400048004098
:106C0000004C00400050004000140140007800405B
:106C1000007C0040038ACA8830B59BB223F44053FD
:106C2000134385B0038282898B880D46098922F43B
:106C3000B0520B43698922F00C020B431204120C70
:106C40009BB213438381838AAA899BB223F4407346
:106C50001343838204466846FFF7A4FD1B4B9C4206
:106C600005D003F580639C4201D0029B00E0039BAA
:106C7000A1892A68A5890804154803EB83034CBF42
:106C80005200920003EB8303B3FBF2F3A0FB03215A
:106C900049094FF0640C0A010CFB113329040AD492
:106CA0001B013233A0FB0303C3F3431313439BB213
:106CB000238105B030BDDB003233A0FB0303C3F3F7
:106CC000421313439BB2238105B030BD0010014035
:106CD0001F85EB5100234FF416514FF44022C0E9B9
:106CE00000138260838170470B88B1F804C0028A68
:106CF00000B5B1F802E0C98843EA0E0343EA0C0389
:106D000092B20B4322F470629BB2134303825DF88C
:106D100004FB00BF0023036043607047838921B1F7
:106D20009BB243F400538381704723F400531B0448
:106D30001B0C8381704700BF038B03F47F430383E5
:106D4000038B9BB219430183704700BF838931B124
:106D50006FEA43436FEA53439BB283817047C3F3A7
:106D60000E038381704700BF838A21B19BB243F435
:106D700000638382704723F400631B041B0C83822F
:106D8000704700BFC1F30801818070478088C0F35D
:106D900008007047038A23F00F031B041B0C0382B7
:106DA000038A9BB219430182704700BF838921B1D6
:106DB0009BB243F002038381704723F002031B045C
:106DC0001B0C8381704700BF838923F400631B047D
:106DD0001B0C838183899BB20B438381704700BF67
:106DE000038A23F020031B041B0C0382038A9BB23B
:106DF0000B430382704700BF038A21B19BB243F467
:106E000080430382704723F480431B041B0C0382DE
:106E1000704700BF83899BB243F0010383817047B1
:106E2000838A21B19BB243F008038382704723F029
:106E300008031B041B0C8382704700BF038BDBB26B
:106E40000383038B9BB243EA01230383704700BF94
:106E5000838A21B19BB243F020038382704723F0E1
:106E600020031B041B0C8382704700BF838A21B15F
:106E70009BB243F010038382704723F010031B047E
:106E80001B0C8382704700BF838A23F004031B041A
:106E90001B0C8382838A9BB20B438382704700BFA3
:106EA000838A21B19BB243F002038382704723F0AF
:106EB00002031B041B0C8382704700BF838A9BB2B2
:106EC00012B10B438382704723EA01038382704728
:106ED00001F01F0CC1F342110123012903FA0CF345
:106EE0000DD002290CBF103014301AB102681343C0
:106EF00003607047026822EA0303036070470C30A6
:106F0000F3E700BF038801EA0300003818BF01203F
:106F1000704700BFC94389B201807047C1F3421274
:106F200001F01F0C0123012A03FA0CF312D0022AEC
:106F30000CBF028A828A92B21340028892B23BB19D
:106F4000090A01238B401A40101E18BF0120704708
:106F500018467047828992B21340EEE7090A01236E
:106F60008B40DB439BB20380704700BF08B5012113
:106F70004FF40060FFF736FDBDE8084000214FF4F4
:106F80000060FFF72FBD00BF0A4930B44A680568AA
:106F9000D0E9014322F4FD42234322F07F02C4687A
:106FA000134323430469027D2B432343134330BC23
:106FB0004B607047002C01400023C0E90033C0E95A
:106FC0000233037503617047014BC3F8A00070479B
:106FD00000802542014B1860704700BF002C014023
:106FE000024B186800F00300704700BF002C0140FE
:106FF000094A036810B49360D0E90134D16823438F
:10700000D0E903406FF30A010B43234303435DF8C8
:10701000044BD360704700BF002C01400023C0E93F
:107020000033C0E902330361704700BF014B1869A8
:10703000C0B27047002C0140044B82B003440022D0
:1070400001920193019B186802B07047142C014013
:107050000A4A036810B4536243689362D0E9023469
:10706000D16A2343D0E9044021F0F7010B432343C5
:1070700003435DF8044BD362704700BF002C01400E
:1070800000234FF0FF32C0E90023C0E90233C0E91A
:1070900004337047014B186B704700BF002C014050
:1070A000014BD3F880007047002C0140014BC3F81E
:1070B00080007047002C0140014B986C704700BF66
:1070C000002C0140014BC3F8A00570470080254209
:1070D000014BC3F8A405704700802542014BC3F85B
:1070E000A805704700802542014BC3F8AC057047E6
:1070F00000802542014BC3F8AC0170470080254257
:10710000014BC3F8B001704700802542034BC043D8
:1071100000F00100C3F8B401704700BF00802542B1
:10712000014BC3F8B801704700802542014BC3F8FA
:107130008C05704700802542044AD36B11B103438C
:10714000D363704723EA0003D3637047002C0140E8
:10715000034B5B6B1840003818BF0120704700BF1D
:10716000002C0140014B9863704700BF002C014088
:10717000034B5B6B1840003818BF0120704700BFFD
:10718000002C0140014B9863704700BF002C014068
:107190000268364910B4002322F0010221248842FB
:1071A0000260036043608360C3600361446138D060
:1071B0002F4B98422ED02F4B98423CD02E4B9842CA
:1071C00040D02E4B984232D02D4B984241D02D4B7F
:1071D000984246D02C4B984217D02C4B98423CD02A
:1071E0002B4B984216D02B4B984224D02A4B9842D6
:1071F00028D02A4B98421AD0294B984229D0294BA3
:1072000098422ED0284B984208D14FF03D5243F877
:10721000AC2C03E04FF4746243F8202C5DF8044B6F
:107220007047224B5DF8044B3D229A607047204A1C
:1072300043F8642CF2E74FF474125DF8044B43F802
:10724000382C70474FF074625DF8044B43F8502CB3
:107250007047184A43F87C2CE0E73D2243F8082C9D
:10726000DCE7154A43F8942CD8E700BF10600240D1
:107270002860024040600240586002407060024056
:1072800088600240A0600240B86002401064024082
:107290002864024040640240586402407064024026
:1072A00088640240A0640240B8640240006002406A
:1072B0003D000020400F002000003D2030B40B684E
:1072C000CC684A69056823431343D1E90642234346
:1072D0001343D1E9084223438C6A13434A6B234387
:1072E00013430C4C8A6B2C4013432343CA6A03603C
:1072F00043690C6B23F0070C42EA040343EA0C03D6
:107300000C694361D1E901234460826030BCC360F1
:10731000704700BF3F801CF00023C0E90033C0E984
:107320000233C0E90433C0E90633C0E90833C0E9D9
:107330000A33C0E90C338363704700BF036819B197
:1073400043F001030360704723F0010303607047BB
:10735000036819B143F400430360704723F400430A
:1073600003607047036819B143F02003036070475E
:1073700023F020030360704741607047406880B28B
:10738000704700BF036822B143F40023036001612A
:10739000704723F40023036001617047036819B14B
:1073A00043F480230360704723F480230360704715
:1073B0000AB101617047C160704700BF0068C0F347
:1073C000C0407047006800F001007047406900F05D
:1073D00038007047094B98428CBF094BA3F20F430A
:1073E0008A004CBF58681868084020F0F02020F050
:1073F0008210003818BF0120704700BF0F640240A0
:1074000000640240064B984294BF064A064A21F0A7
:10741000F02323F0821389004CBFD3609360704740
:107420000F64024000600240006402400B060CD56D
:1074300043699AB143F08003802943610DD003680A
:1074400001F01E01194301607047002AF7D103685B
:1074500001F01E0123EA01030360704723F080035B
:1074600080294361F3D17047104B984221F0F023FB
:1074700023F0C31394BF0E4A0E4A93B1036803EA84
:10748000D12303F01E0388004CBF506810680840E9
:1074900020F0F02020F0821010B1181E18BF01203B
:1074A0007047436903F08003EDE700BF0F640240BB
:1074B0000060024000640240064B984294BF064AB6
:1074C000064A21F0F02323F0821389004CBFD360D9
:1074D000936070470F640240006002400064024005
:1074E000044B054900221A605A609A60DA605961BB
:1074F000704700BF003C0140FFFF7F0003798279A5
:1075000030B4046803F1804303F59E33E143F2B1E4
:10751000154A15680D401560556829405160196875
:10752000214319609168036821EA03019160D168E1
:1075300021EA0301D160417910290DD001F1804287
:1075400002F59E3230BC11680B43136070471A6815
:107550000A4030BC1A607047916819439160D16845
:107560000B4330BCD3607047003C014000234FF414
:107570004062036082808371704700BF024A1369D2
:1075800003431361704700BF003C0140034B5B693C
:107590001840003818BF0120704700BF003C014070
:1075A000014B5861704700BF003C0140034B5B69D1
:1075B0001840003818BF0120704700BF003C014050
:1075C000014B5861704700BF003C014008B50121E4
:1075D0004FF08050FFF7FAF9BDE8084000214FF066
:1075E0008050FFF7F3B900BF014B1862704700BF2E
:1075F00000000E42034A136823F0E00303431360C4
:10760000704700BF00700040014B1861704700BF19
:1076100000000E42014BC3F8A000704700000E426C
:10762000014BC3F8A400704700000E42034A1368E0
:1076300023F4404303431360704700BF00700040D1
:10764000014B1864704700BF00000E42014B5864A4
:10765000704700BF00000E42054A136818B143F49A
:1076600040231360704723F440231360704700BF2A
:1076700000700040014B5862704700BF00000E428E
:1076800010B40D4C0D4A236823F4406323F0030328
:10769000034323601369012943F00403136108D0F5
:1076A00020BF064A5DF8044B136923F004031361FD
:1076B000704730BFF5E700BF0070004000ED00E00C
:1076C00010B40D4C0D4A236823F4406323F00303E8
:1076D000184320601369012943F00403136108D0A3
:1076E00020BF064A5DF8044B136923F004031361BD
:1076F000704730BFF5E700BF0070004000ED00E0CC
:107700000549064A0B6843F002030B60136943F016
:107710000403136130BF70470070004000ED00E0CB
:10772000034B5B681840003818BF0120704700BF4A
:1077300000700040024A136843EA800313607047F8
:10774000007000405001010800000020E40100200A
:10775000E8010020F8200020DFF8C4C5DFF8C425C8
:10776000DFF8C435D2F81018106910F0100FF9D1F5
:1077700011F4004F31D0106910F0040F2DD153F8DF
:10778000040B506110F0080F27D0186806388003EA
:107790006FF39F3140EA0101DFF89035585C000239
:1077A000DFF88C15C2F81404C2F80014DFF8843531
:1077B00000201021186820F01000186059615960ED
:1077C0004FF0200100230320BFF34F8F40BF20BFA5
:1077D00020BFC2F800145361C2E7DFF858351868BB
:1077E00040F01000102159611860DFF84C0501606D
:1077F0007047DFF83025DFF828C5D2F81018106977
:1078000011F4906F43D011F4005F34D111F4004FA4
:1078100031D010F0010F2ED1DFF82035D2F810044E
:10782000000A10F0FF0018600021DFF8FC34196036
:10783000063820D402281EDA082119601BE0DFF880
:10784000F43400200221186820F0020018609868C3
:1078500040F002009860596159604FF02001032008
:10786000BFF34F8F40BF20BF20BFC2F800149868FD
:1078700020F002009860DFF8BC34186840F0020085
:10788000022159611860DFF8B8040160704701F403
:107890007F43B3F57B4FEED110F0010F40F006812E
:1078A00011F0010F00F02B82D2F81004000ADFF86B
:1078B00094341968012900F00682DFF88C140968F5
:1078C000DFF888345854187800F01F00DFE810F013
:1078D00020002000620021002C00740074002F00A2
:1078E0004300C100C40020006500680020004A0079
:1078F00020006B002000200020002000200020003D
:107900002000200020002000200071002000200026
:10791000B1E75FF0030C01F10101614500D10021E5
:10792000DFF824341960A6E75FF0020CA3E75FF0EC
:10793000020C01F1010161450AD1DFF81434196824
:10794000596000211960DFF80C340120596018607B
:10795000FD4B19608FE70220FA4B18600020FE4BA8
:10796000186088E75FF0030C01F1010161450ED159
:107970000020A1F10101585CF54BD3F800C0C3F819
:1079800004C01860F34B0121586019600021EE4BD0
:10799000196070E75FF0090C6DE75FF0090C6AE7AA
:1079A0005FF0060C67E75FF0090C64E75FF0090C15
:1079B00061E75FF0090C5EE75FF0090C01F101017E
:1079C000614543D1E5495FF0000CE54A0020187994
:1079D00000F01F0C52F82CC0E24BC3F800C05FF05F
:1079E000000C91F815C001F1180100228A7882423A
:1079F00006D001F10801BCF1010CF7D1A1F1080199
:107A0000D94A002002F8010B087902F8010B4879E5
:107A100002F8010B087802F8010B487802F8010B14
:107A2000887802F8010BC87802F8010B4FEA0020B1
:107A3000CE4B18600120C34B18600020C24B186069
:107A4000C54B18600120CA4B18600021BE4B19605D
:107A500011E75FF0090C0EE75FF0020C01F1010184
:107A6000614520D1BD498C46BF4A002002F8010B78
:107A7000087F02F8010B487F02F8010B087E02F82C
:107A8000010B487E02F8010B887E02F8010BC87ECC
:107A900002F8010B0220AB4B18600020AA4B1860C3
:107AA000AD4B18600021A84B1960E4E611F0010FFE
:107AB00026D1A44B18685FF4004100281AD0022890
:107AC00002D15FF4504115E0012813D19F4B187883
:107AD00000F01F00052808BF5FF4805118BF5FF455
:107AE000A041A34B1868013844BF41F420415FF026
:107AF000000018608E48C2F81414C2F800049EE614
:107B0000904B1868022840F09880904B187800F04D
:107B10001F00DFE810F020002000530021002200A9
:107B2000540054002C002D007000710020008D00C6
:107B30008E002000520020008F0020002000200036
:107B40002000200020002000200020002000200035
:107B50009100200020008EE68DE600217448C2F8D6
:107B60001414C2F80004774B0020186067E682E620
:107B70005FF0020C784B18680130186060450AD13C
:107B8000734B196800206F4B1860734B002018600E
:107B90006D4B18600AE06F4B1868802110F0010FE0
:107BA000F0D04000EED30021196020210902604886
:107BB000C2F81414C2F8000441E65CE65BE65FF02C
:107BC000070C654B196801F101011960614507D186
:107BD00000205C4B186000205F4B18605A4B186007
:107BE000A1F10101604B585C00025149C2F8140434
:107BF000C2F8001423E63EE65FF0070C564B196806
:107C000001F101011960614507D100204D4B186059
:107C10000020514B18604C4B2860A1F10101524BE0
:107C2000585C00024249C2F81404C2F8001406E687
:107C300021E620E61FE61EE61DE601287FF41BAEC6
:107C4000424B197801F01F01062903D03D4B00215A
:107C5000196010E6454B196801391960414B1968E4
:107C600011F8010B196000023149C2F81404C2F87E
:107C700000143E4B196800297FF4E1ADDFF8CCC059
:107C800000209CF804009CF80610884208D10220CD
:107C90002C4B18600020304B18602B4B1860CEE541
:107CA00000F101008CF804009CF805104FEA012156
:107CB000196000F01F002A4BDFF8A8C053F820100D
:107CC000CCF80010BBE5294B196801390CD15FF0E5
:107CD000020C1C4BC3F800C05FF0000C1E4BC3F835
:107CE00000C0194BC3F800C0204B19601D4B196828
:107CF00001F8010B19601F4B1F481860BBE5D2F853
:107D00001014090A1D4B1B6819701248416081F05C
:107D1000FF011B4B1B6819704FF002010160AAE5BF
:107D20000000024000080240A0010020E880000896
:107D300020005555003C014070080020A40100209F
:107D400068080020440800205C0800204C0800203F
:107D5000DC010020D0010020B401002078090020BF
:107D600078200020CC010020B8010020C8010020AC
:107D700048080020D801002040420F00A801002040
:107D8000AC010020014B1868704700BF2C01002097
:107D9000844641EA000313F003036DD1403A41D316
:107DA00051F8043B40F8043B51F8043B40F8043BD5
:107DB00051F8043B40F8043B51F8043B40F8043BC5
:107DC00051F8043B40F8043B51F8043B40F8043BB5
:107DD00051F8043B40F8043B51F8043B40F8043BA5
:107DE00051F8043B40F8043B51F8043B40F8043B95
:107DF00051F8043B40F8043B51F8043B40F8043B85
:107E000051F8043B40F8043B51F8043B40F8043B74
:107E100051F8043B40F8043B51F8043B40F8043B64
:107E2000403ABDD2303211D351F8043B40F8043B04
:107E300051F8043B40F8043B51F8043B40F8043B44
:107E400051F8043B40F8043B103AEDD20C3205D314
:107E500051F8043B40F8043B043AF9D2043208D00C
:107E6000D2071CBF11F8013B00F8013B01D30B887E
:107E700003806046704700BF082A13D38B078DD05C
:107E800010F003038AD0C3F10403D21ADB071CBF2E
:107E900011F8013B00F8013B80D331F8023B20F898
:107EA000023B7BE7043AD9D3013A11F8013B00F8D1
:107EB000013BF9D20B7803704B7843708B78837059
:107EC0006046704700000000000000000000000055
:107ED00000000000000000000000000000000000A2
:107EE0000000000000000000000000000000000092
:107EF0000000000000000000000000000000000082
:107F000030B490F800F020F007016FF0000C10F092
:107F1000070491F820F040F048804FF000046FF023
:107F20000700D1E9002391F840F000F1080082FA3F
:107F30004CF2A4FA8CF283FA4CF3A2FA8CF34BBB0A
:107F4000D1E9022382FA4CF200F10800A4FA8CF283
:107F500083FA4CF3A2FA8CF3E3B9D1E9042382FA51
:107F60004CF200F10800A4FA8CF283FA4CF3A2FA66
:107F70008CF37BB9D1E9062301F1200182FA4CF29E
:107F800000F10800A4FA8CF283FA4CF3A2FA8CF305
:107F9000002BC6D0002A04BF04301A4612BAB2FA27
:107FA00082F200EBD20030BC7047D1E9002304F02C
:107FB0000305C4F100004FEAC50514F0040F91F861
:107FC00040F00CFA05F562EA05021CBF63EA0503FE
:107FD00062464FF00004AAE7002103E00A4B5B5819
:107FE0004350043109480A4B42189A42F6D3094AD1
:107FF00002E0002342F8043B074B9A42F9D3FDF715
:10800000E1FFFBF725FE704750010108000000204A
:10801000E4010020E8010020F8200020FEE7000035
:1080200000000000F8B500BFF8BC08BC9E467047D1
:0C803000F8B500BFF8BC08BC9E467047C5
:10803C003E410C4111412741364103410641154156
:10804C000F410E41264113412941024119410A4178
:10805C000B410000000000002A000000540000004A
:10806C00A8000000C8000000F000000002000000A2
:10807C0004000000070000000A0000000A000000D5
:10808C004350437878782E44534B0000080000008E
:10809C00080000000800000008000000001000208C
:1080AC0000400080060000000000000000000000FE
:1080BC0001000000010000000100000000000000B1
:1080CC00000000000102030406070809000000007C
:1080DC00010203040102030406070809010105005B
:1080EC0087C0C31AC1C3E5CEC3F3CEC3BCCEC3D7BE
:1080FC00EAC3D3EAC301CFC304D2C324C2C314C29C
:10810C00C3C7D2C33DD2C396D2C30FCFC36EDEC397
:10811C0010DEC3DAE8C3C7E8C31DCFC32BCFC33906
:10812C00CFC3B1CDC323DFC3D0DEC307E9C323DD87
:10813C00C398CFC3CBE6C39DE4C3A1E4C398CDC31E
:10814C0047CFC332C2C33ED3C308C2C30EC2C3ADF2
:10815C00D0C337E6C31CE6C3F3E8C3B5CEC37ED2A7
:10816C00C33CC24D4158414D20312EB541C141C691
:10817C004153CD415353454D424CC541535345CDCD
:10818C0042C342D242524B4F46C642524B4FCE4351
:10819C0041C243C244C244C544C94449C648454C83
:1081AC00D048454C50D248CC49D849D9CA4CC94C76
:1081BC0049C64C4F41C4CD4D45CD4D46494EC44D9D
:1081CC0053C84D53CCCF50C351C251575843CC52C6
:1081DC00414D4FCE52414D4F46C6524547D3524F5B
:1081EC004D4F46C6524F4D4FCE534156C554415339
:1081FC00CD54C257C200CD12B9D5E5F5D608381FFB
:10820C004F2101BF36C92B361A11FFBF45C513CDFF
:10821C001B00471AB8C1200710F3F1E1D1B7C9F11F
:10822C00323600E1113702B7ED52E5FDE523E5FDED
:10823C00E1CDF2D62147C2CD4BD73EA9CD5ABBCD0D
:10824C004BD73EA4CD5ABBCD4BD72100C0AF862C0B
:10825C00862C862C862C862C862C862C862C20EE26
:10826C002420EB2B96BE280E216BC2C44BD73EA903
:10827C00CD5ABBCD4BD7CDD2DD321EAF973218AF16
:10828C003219AF3212AF3220AF321FAFCDD0D22164
:10829C00B0C2113000010600EDB0FDE5E1110301A3
:1082AC0019EB21B6C2013400EDB02104002210AF4D
:1082BC00210F00220CAFF5E126002200AF2E002288
:1082CC0013AF2202AF2204AF2206AF2208AF220A5C
:1082DC00AF39220EAF213300220CAFCDF2D6FDE127
:1082EC00E1D137C90100DFED48C90100EFED49C903
:1082FC00CDF2D63AB0C2323000973218AFC3F2D6B4
:10830C00CDF2D63EC93230003218AFC3F2D6CDF220
:10831C00D6973219AFC3F2D6CDF2D63E013219AF91
:10832C00C3F2D6204D4158414D20B1206173736585
:10833C006D626C6572A0313938382041726E6F7283
:10834C00204C74642E0D8D2A204D4158414D20B186
:10835C0020436865636B73756D204572726F722074
:10836C002A070D8D556E6B6E6F776E20636F6D6D7A
:10837C00616EE40D2020456E746572207374726911
:10838C006E6720746F2066696E643AA0DF3400C992
:10839C00D0C2C1F3D9F16779E6F3B44FED49D9FBFB
:1083AC00F1E1C300BFF5973200BF1808F53E01326A
:1083BC0000BF18003A36003203BFE52106D0220177
:1083CC00BFE1F1DF01BF0D0D457865637574696F11
:1083DC006E20616464726573F3180F010D0D20201B
:1083EC0020204D4158414D2076657273696F6E2087
:1083FC00312E35300D8D446973617373656D626C0C
:10840C00E5446973617373656D626C6520746F20EC
:10841C007072696E7465F24C697374206D656D6F62
:10842C0072F94C697374206D656D6F727920746F7D
:10843C00207072696E7465F253656C656374207597
:10844C007070657220524FCD4C6F77657220524F11
:10845C004D206F6E2F6F66E645646974206D656DF7
:10846C006F72F946696E6420737472696EE74669BF
:10847C006E6420616E64207072696EF44D6F766567
:10848C00206D656D6F727920626C6F63EB52656C59
:10849C006F6361746520626C6F63EB496E6974691C
:1084AC00616C69736520626C6F63EB436F6D706117
:1084BC00726520626C6F636BF3436F6D70617265F4
:1084CC0020616E64207072696EF451756974206D50
:1084DC00656EF50D20202020456E746572206F703E
:1084EC0074696F6E3AA044C44CCC534F4546C64D8C
:1084FC00524943C3510006030F030E0016000C181B
:10850C002048494D454DBD2020524F4D533A206CCB
:10851C006F7765723DEF202075707065723DEF6668
:10852C00E66EA020207570706572BD202073656C9E
:10853C00656374BD0D0D557070657220524F4D20E2
:10854C006E756D6265F20D0D537461727420616409
:10855C0064726573F30D2020456E6420616464724F
:10856C006573F341462020204243202020444520BF
:10857C002020484C202020495820202049592020D8
:10858C0020535020202050438D4146A04243A0440C
:10859C0045A0484CA04958A04959A05350A050435D
:1085AC00A06361727279A07A6572EF536574206270
:1085BC007265616B706F696E7420617420616464A4
:1085CC00726573F3436C65617220627265616B70E6
:1085DC006F696E7420617420616464726573F34218
:1085EC007265616B706F696E7473206375727265FE
:1085FC006E746C7920736574BA5365742074656DF0
:10860C00706F7261727920627265616B706F696EE6
:10861C007420617420616464726573F342726561E5
:10862C006B706F696E74207461626C652066756C1A
:10863C00EC4E6F20627265616B706F696EF44F5215
:10864C0047202020A64D6F76652074EF20204669C8
:10865C007273F42020204C6173F4204F66667365AE
:10866C00F40D20436F6D7061726520776974E80DAD
:10867C00202020204865782076616C75E50D4469D2
:10868C0066666572656E74203A2DA04E6F20646923
:10869C0066666572656E6365F30D0D53696D706C7E
:1086AC00652028592F4E293FA0594E000D41736368
:1086BC006969206F72204865782028412F48293F2E
:1086CC00A04148000D456E74657220737472696E1A
:1086DC00E70D456E746572206865783AA048494D7F
:1086EC00454D2069732061626F76652026334646BE
:1086FC00468D524F4DA064C00058C00020204152FE
:10870C004E4F52205A383020415353454D424C4520
:10871C00522076657273696F6E20312E35B05061C0
:10872C006765A04F7574206F66206D656D6F72F96B
:10873C004E6F7420666F756EE44261642073796EBF
:10874C007461F8496E76616C6964206E756D626552
:10875C00F2537472696E67206D75737420626520B4
:10876C00656E636C6F73656420696E2071756F74D0
:10877C0065F34144432041444420414E4420424946
:10878C00542042524B2043414C4C434346204350CF
:10879C0020204350442043504452435049204350DE
:1087AC00495243504C2044414120444543204449C4
:1087BC002020444A4E5A45492020455820204558EF
:1087CC00582048414C54494D2020494E2020494EB8
:1087DC004320494E4420494E4452494E4920494E6B
:1087EC0049524A5020204A5220204C4420204C44CC
:1087FC0044204C4444524C4449204C4449524E452C
:10880C0047204E4F50204F5220204F5444524F542B
:10881C0049524F5554204F5554444F555449504F7D
:10882C0050205055534852455320524554205245E0
:10883C0054495245544E524C2020524C4120524CDB
:10884C004320524C4341524C44205252202052520D
:10885C0041205252432052524341525244205253CF
:10886C005420534243205343462053455420534CE9
:10887C0041205352412053524C2053554220584FC3
:10888C0052204259544520434C4F5345434F444585
:10889C0020444220202044454642204445464C205A
:1088AC004445464D204445465320444546572044B4
:1088BC005320202044554D50204457202020454C17
:1088CC00534520454E442020454E4449464551557C
:1088DC0020204745542020494620202049464E4F11
:1088EC00544C455420204C494D49544C4953542028
:1088FC004E4F434F444E4F4C49534F5247202050FC
:10890C00414745205041555345504C454E205052FF
:10891C00494E5450555420205245414420524D4507
:10892C004D2053544F5020535452202054455854EA
:10893C00205449544C455749445448574F524420AD
:10894C005752495445414E44204D4F44204F5220DC
:10895C0020584F52204146A741C6C148CC2848CC8C
:10896C0042C3C2C34EC3DA4EDA44C5C4C5C8CC2810
:10897C0049D82849D949D849D953D02842C3284481
:10898C00C52853D0CD50CF50C5D028C3C9D2A8428A
:10899C0061642061646472657373696E67206D6FC6
:1089AC0064E54A756D70206F7574206F6620726176
:1089BC006E67E54E756D62657220746F6F2062692B
:1089CC00E74475706C696361746520646566696EF3
:1089DC006974696FEE556E646566696E65642073C3
:1089EC00796D626FEC4D697373696E67202229A2F1
:1089FC004D697373696E672071756F74E54D69739A
:108A0C0073696E67206C616265EC42616420657805
:108A1C007072657373696FEE426164206E65737476
:108A2C00696EE753707572696F757320746578742D
:108A3C002069676E6F7265E44D697373696E6720A8
:108A4C00454E4449C6436F6465206C696D6974205A
:108A5C0065786365656465E42A2A205741524E495E
:108A6C004E47202A2AA02A2A204552524F52202013
:108A7C00202A2AA02A2A20464154414C20455252F1
:108A8C004F52202A2AA00D4572726F72733AA0576A
:108A9C0061726E696E67733AA00D202053594D4276
:108AAC004F4C205441424C453A0D8D4F7574206FFC
:108ABC006620706172616D65746572F35245414454
:108ACC002066696C65206578697374F34261642073
:108ADC0066696CE54C696E6520746F6F206C6F6E07
:108AEC00E7492F4F206572726FF24E6F7420656EDE
:108AFC006F756768206D656D6F72F9415343494915
:108B0C002066696C65202D206E6F206C6F6164206F
:108B1C00616464726573F37C48454C502C6E206C18
:108B2C006973747320636F6D6D616E647320666F0F
:108B3C007220524F4D206E0D7C48454C50522020D7
:108B4C006C697374732052535820636F6D6D616E32
:108B5C0064730D8D524F4DA0666F726567726F75A1
:108B6C006EE46261636B20A6657874656E73696FE1
:108B7C00EE4E6F2052535873206C6F616465E44560
:108B8C006E7465722066696C656E616D653AA04C99
:108B9C006F61642061646472657373202020A65336
:108BAC007461727420616464726573732020A64CC6
:108BBC00656E677468202862797465732920A645F0
:108BCC006E74727920616464726573732020A610D0
:108BDC001221111322FF8281808B83949C9715960E
:108BEC001D9E0A0908870A090807191A1B98050B04
:108BFC00039406070C0D0E0F0F820312930421A28F
:108C0C00050B03141293050B0301129306070C0DAD
:108C1C000E0F0402101121A2A09FA09FA0A0A0A043
:108C2C00000102030405060708090B0D11191D2587
:108C3C00282B3137434445464748494A00050A0E1C
:108C4C000F1012131718191A1B1C1D1F2021222874
:108C5C00292A2B2D2F3031323336384748494A4B8D
:108C6C004D4E525354565758595A5B5D5E5F606176
:108C7C0062636465666768696B7071727374757929
:108C8C00013388310116CE021600CE023300883132
:108C9C00856D4A82013380310116C6021600C60268
:108CAC00330080318F7109113300A0311600E602B8
:108CBC000133A0318116E602D9B340328000F701AE
:108CCC001400CD43CC14C44380003F013300B831B1
:108CDC001600FE020133B8318116FE028000A98213
:108CEC008000B9828000A1828000B18280002F01B7
:108CFC008000270153000531F1000B118000F301B6
:108D0C009B0010028000FB01080FE3110F08E31118
:108D1C0002030801030208010405EB018504EB01C1
:108D2C008000D90180007601DA0046820117DB024F
:108D3C00CE07408253000431F10003118000AA8257
:108D4C008000BA828000A2828000B2821400C343E9
:108D5C004C14C2439000E9111B001802CB1B2002DB
:108D6C00531606324E334031532E403115013243E7
:108D7C00150F225301153A430F152A5301690A01A5
:108D8C006901020171140153156D43C471154BC473
:108D9C00014A5782060FF911CA0147828000A88246
:108DAC008000B8828000A0828000B08200004482E3
:108DBC0081004482800000013300B0311600F602BD
:108DCC000133B0318116F6028000BB828000B38281
:108DDC00074E41829701D3028000AB828000A382B0
:108DEC00F200C111F200C511D9B380320000C901E3
:108DFC00CC00C00180004D8280004582B3801032CF
:108E0C0080001701B38000328000070180006F8260
:108E1C00B380183280001F01B380083280000F012C
:108E2C00800067825800C701D814C70301339831FA
:108E3C000116DE021600DE0233009831856D428287
:108E4C0080003701D9B3C032B3802032B3802832CE
:108E5C00B3803832330090311600D6020133903192
:108E6C008116D6023300A8311600EE020133A83168
:108E7C008116EE02CDDDDCF53A12AFB7280C3E01BF
:108E8C00321DAFF1CDC4CDC3F2D6F11803CDDDDC6C
:108E9C00F597321DAF3C3212AFF1CDC4CDC3F2D633
:108EAC00ED7313AFCDFCCF2003220CAFCD2BD73AF3
:108EBC0018AFB72036CD35D30608DD6E00DD660160
:108ECC007DB428133A0CAFBD20063A0DAFBC280771
:108EDC007EDD77103EF777DD23DD2310DD2A15AF1D
:108EEC007DB428077E3217AF3EF7772A0CAF2201EC
:108EFC00BF3A1DAFB72806ED7B1BAF1810FDE5E19F
:108F0C0011370219F9FDE5E111160119E53EC332DD
:108F1C0000BF2A06AFE52A00AFE53A10AFE60CF524
:108F2C003A11AFFDE5E111030119ED4B02AFED5B19
:108F3C0004AFDD2A08AFE52A0AAFFD2203BFE1CD5D
:108F4C00F2D6FD2A03BFC5E5C30FB92206AFED5318
:108F5C0004AFED4302AFDD2208AFF5E12200AFC94B
:108F6C003A18AFB7202ACD35D30608DD6E00DD6682
:108F7C00017DB42804DD7E1077DD23DD2310EC2A7F
:108F8C0015AF7DB4280A3A17AF772100002215AF30
:108F9C00C9CDF2D63EC01805CDF2D63E80321AAFFE
:108FAC00CDC5CF22B1AFCDCCD622E2AF23220CAFB0
:108FBC009732DEAF3C32E8AFCDF8D1CD00EBC3F247
:108FCC00D6CDDDDCCDF5CF20683201AFC3F2D6CDE6
:108FDC00DDDCCDFCCF205A2200AFC3F2D6CDDDDCD8
:108FEC00CDFCCF204C2202AFC3F2D6CDDDDCCDFCC4
:108FFC00CF203E2204AFC3F2D6CDDDDCCDFCCF209A
:10900C00302206AFC3F2D6CDDDDCCDFCCF20222240
:10901C0008AFC3F2D6CDDDDCCDFCCF2014220AAFD5
:10902C00C3F2D6CDDDDCCDFCCF2006220CAFC3F2D3
:10903C00D6ED732BAF2187C4CD48D72A00AFCD55C1
:10904C00D82A02AFCD55D82A04AFCD55D82A06AFB1
:10905C00CD55D82A08AFCD55D82A0AAFCD55D82A28
:10906C000EAFCD55D82A0CAFCD55D8CD43FECD285B
:10907C00FDC3F2D63DC0CDF2D6DD6E00DD6601CD6E
:10908C00A9CFC3F2D6EBCDEFD1732372CDAFD6738C
:10909C00237223732372CDBBD6063C36002310FB00
:1090AC00C9CDD0D6234E23462379B0C80B0B091853
:1090BC00F411FFFFFE012820FE02C0DD6E02DD660A
:1090CC0003DD5E00DD5601AFE5ED52444DE103AF2B
:1090DC00C9FE01D8DD7E00C9FE01D8DD6E00DD665B
:1090EC0001C9CDDDDC2206AFE1E1220AAFE1E12AC4
:1090FC0006AFF5C5D5E5DDE5CD6FCECD84CE3A0016
:10910C00BFB72016DDE1E1D1C1F1ED7B13AF21003A
:10911C00002213AF3E003212AFC9210C0039CDE34F
:10912C00D6220AAF210E0039CDE3D62210AF211280
:10913C000039CDE3D62B7EFEF7200123220CAF2184
:10914C00140039220EAF3A19AFB7C420D9FEFCC4B3
:10915C00B6D02A13AF7CB5281221140039221BAFCC
:10916C00ED7B13AF2100002213AFC9CD20D9280904
:10917C00DDE1E1D1C1F1C3F2D63A1EAFCDF2D6FE9C
:10918C007B2803DF1DC6DF1AC6CDDDDCCDB6D0C310
:10919C00F2D6CDF8D1CDD3D53E81322DAFCD90D7EF
:1091AC003222AFED732BAF2124C4CD4BD7CDCCD60F
:1091BC00CD55D8CD1EDA3835973220AF212BC4CD02
:1091CC004BD73A10AFCB572143C420082145C43E9E
:1091DC00013220AFCD4BD7213AC4CD4BD73A10AF8B
:1091EC00CB5F2143C420032145C4CD4BD7214FC4B1
:1091FC00CD4BD73A11AF321FAFCD5AD8CD35D7CDD5
:10920C006ED7CD90D73222AF21ADC4CD82D82A00F3
:10921C00AFCD55D80602CD20D83E22CD5FD83A012D
:10922C00AFE67FFE7F2804FE2030023E20CD46D8DC
:10923C003E22CD5FD80602CD20D83A00AF21C5C45E
:10924C00E601C485D83A00AF21CBC4E640C485D82A
:10925C00CDBED921B0C4CD82D82A02AFCDE2D22165
:10926C00B3C4CD82D82A04AFCDE2D221B6C4CD820C
:10927C00D82A06AFCDE2D221B9C4CD82D82A08AF04
:10928C00CDE2D221BCC4CD82D82A0AAFCDE2D22104
:10929C00BFC4CD82D82A0EAFCDE2D221C2C4CD82BA
:1092AC00D82A0CAFE5CDE2D2E1973222AFCDBED9B0
:1092BC000604C5CD2BD7CD55D8CD5DD8E5CD43FE15
:1092CC00C5CD28FDC1E109C110E8C93A1EAFE67F42
:1092DC006F26AEC921000011184FCD66BBC36CBB05
:1092EC00CDDDDCCDFCCF280A21CFC4CD82D8CDCEAC
:1092FC00DAEBCD5BD2CD35D30608DD7E00DDB601D1
:10930C002008DD7500DD7401180CDD23DD2310EA67
:10931C002140C5CD82D8C3F2D6CDDDDCCDFCCF2823
:10932C000A21E8C4CD82D8CDCEDAEBCD5BD2215563
:10933C00C5D482D8C3F2D6CD35D30608DD7E00BDA8
:10934C002010DD7E01BC200ADD360000DD36010078
:10935C0037C9DD23DD2310E4B7C9CDDDDCCDFCCF6F
:10936C00280A211DC5CD82D8CDCEDAEB2215AFC38C
:10937C00F2D6CDDDDC2103C5CD82D8CD2BD70604AA
:10938C00CD20D8CD35D30608DD6E00DD66017DB469
:10939C002808C5CD7BD8CD5DD8C1DD23DD2310E8F1
:1093AC00C3F2D6CDDDDCCDD0D2C3F2D63E00061052
:1093BC00CD2BD3772310FC3215AF3216AFC9CD1E8F
:1093CC00DAD2BCDFC5D5CD55D8CD5DD8CD82D7E5A9
:1093DC0001070011A5AFD5C5CD06DDC1E1E5CB393F
:1093EC0041CD2BD8CDF4D741CD2BD8CD5DD8CD7E6A
:1093FC00D7CB21E141CD32D8CD7AD7E1060009F5A2
:10940C00CDBED9F1D1C1C9FDE5E1D511EB0019D122
:10941C00C9E5CD2BD3E5DDE1E1C9CDDDDC3E02CDE7
:10942C000EBCCDF8D1CD6CBB215DD3CD4BD73EA9B5
:10943C00CD5ABBCD4BD7C3F2D60D0D20202020200A
:10944C004D6178616D20B120686173206265656E35
:10945C002070726F647563656420696E2072657329
:10946C00706F6E736520746F207573657220646500
:10947C006D616E642E20417320796F75206D61795A
:10948C000D20202020206B6E6F772C206D6F737455
:10949C00206F6620746865206E657720636F6D6D34
:1094AC00616E647320686176652065786973746594
:1094BC006420666F7220612079656172206F722062
:1094CC0074776F20666F720D20202020206F7572CC
:1094DC00206F776E20696E2D686F757365207573BC
:1094EC00652C20736F2077652061726520706C6528
:1094FC006173656420746F2072656C65617365209F
:10950C006974206174206C6173742E0D0D20202001
:10951C002020496E636964656E74616C6C792C20D3
:10952C007468657265206973206E6F206E65656462
:10953C0020746F206D656E74696F6E2073696E6731
:10954C006C65207374657070696E672E205765208A
:10955C006B6E6F77210D20202020204966207468C7
:10956C0065207265616374696F6E20746F20746816
:10957C00697320697320676F6F642C20776520777F
:10958C00696C6C2066696E642074696D6520746FFB
:10959C0020696D706C656D656E7420697420736FD5
:1095AC006F6E0D2020202020556E666F7274756EC4
:1095BC006174656C792C20636F6D6D657263696184
:1095CC006C207072657373757265732064656D6160
:1095DC006E642074686174206F7468657220707298
:1095EC006F6A656374730D20202020206D75737471
:1095FC002074616B65207072696F726974792E20AA
:10960C0049662073696E676C652073746570706948
:10961C006E672069732061646465642069742077C7
:10962C00696C6C20616C736F2062650D20202020AA
:10963C0020706F737369626C6520746F20696E7330
:10964C00657274206120627265616B706F696E74F3
:10965C00206174207468652063757272656E742065
:10966C0061646472657373207768656E20726573CC
:10967C00756D696E672E0D0D2020202020546861B9
:10968C006E6B20796F7520666F7220796F75722002
:10969C00737570706F7274206F7665722074686564
:1096AC00207061737420342079656172732EA0AFC1
:1096BC003222AF3224AF3221AF3C322DAFC9CDE8CC
:1096CC00D6CD7DBCCD2BD7CDC7D60101F809EBCDBE
:1096DC00D8D6EBCD9CD7D29BBC2147C6C348D73D2F
:1096EC00215DC620F7DD7E00FE022167C630EDB796
:1096FC003E3221A70020030F292BC368BC110000A8
:10970C00DD7E00CD3ADBD0DD23EB29292929EBCDF9
:10971C0066D7835F18EA110000DD7E00CD48DBD0F0
:10972C00DD23626B29291929EBD6306F260019EB42
:10973C0018E70605CD72D67E23B728FB2B7E23B700
:10974C002806CD5ABB10F6C9CD11D710FBC9C5AF31
:10975C0011E7AFD50606CDCDD8E1C1C93A1EAFFE93
:10976C007BC9CDA0D63A1FAF3D87C54F060009C1B6
:10977C00C9CD80D621A6B1C821D3B8C9CD80D621F8
:10978C00ACB1C821DBB8FE5EC823C93A1EAFFE7B64
:10979C00218DB0C82E71C93A1EAFFE7B21D0ADC849
:1097AC002EB7C9CDAFD618172E00180A2E061806DC
:1097BC002E0818022E0E3A1EAFE67F856F26AE7E5F
:1097CC0023666FC9F3D9E111F2D6D5E5D9FBF5C5FE
:1097DC00D5E5FDE5E11100AF06EB4E1A77791213D2
:1097EC002310F7E1D1C1F1C93E3ACD5ABB3E20C39B
:1097FC005ABB3E0B18F93E1E18F53E08CD0ED73E4F
:10980C000818EC3E1218E8E5CD78BB25E1C8CD3D33
:10981C00D73E0A18DAFE0D20D6E53E01CD6FBBE12E
:10982C003E0D18CBCD2BD77EE67FCD39D7FE0DCC98
:10983C0035D7CB7E2328F0C9CD1EDA010800D80E0F
:10984C0010C9D630FE0AD8D607C92112DC115FAF79
:10985C00012700EDB0C93E01180C3E0318083A2E42
:10986C00AFFE50D03E02E5CD90BBE1C9CD11BC3E60
:10987C0028280107322EAFC9B7ED5219C9EBCD9C80
:10988C00D7EBC9CDB8D72125AF060623057EFE2020
:10989C0028F9187ACDC2D83A2AAFFE20C03E303211
:1098AC002AAFC9CDB8D72126AF06051861CDC6D8C9
:1098BC002127AF0604CD32D8187FCDC2D82129AFCD
:1098CC000602184A3E2818733E29186F3E26186B5C
:1098DC00CD1FDAD81863CD1EDA385E181F13CD12DF
:1098EC00DDF630183DCDC2D82129AF0602181FCDA8
:1098FC00C6D82126AF0605CD32D806020405C83ECF
:10990C0020CD5FD810FBC9CD67D82310FAC9CD453F
:10991C00D82310FAC9E67FFE7F2803FE20D03E2E06
:10992C00C97ECD39D81814E60FC630FE3AD8C60712
:10993C00C97CCD6DD87DCD6DD83E20E5C5CD41D946
:10994C00C1E1C9CD6CD818F17EF50F0F0F0FCD7694
:10995C00D8F1CD4BD818E47CCD6DD87D18EBCD2B40
:10996C00D77EE67FCD5FD8CB7E2328F5C94C7D060C
:10997C0010210000CB391F300119EB29EB10F5C970
:10998C00CDAAD86769C94D7C2100000610CB1117F0
:10999C00ED6AED523001193F10F3CB1117C93E207F
:1099AC0018023E301126AF0605DDE5D5DDE11213B8
:1099BC0010FC7C4D110A00CDACD8F57DF630DD776E
:1099CC0004DD2BF147B17820EEDDE1C93E42C5E55F
:1099DC00CD1EBBE1C1C9CDF0D8C8CD20D9C0CD7A40
:1099EC00D7212DAFCB5E2805CB9ECD8FBCCD7DBCBA
:1099FC00CD92BCED7B2BAFAFC9CD2BD7CD2FD9CD15
:109A0C0081BBCD18BBCD84BBFEFCC9CD09BB38FBDB
:109A1C00C9CD22E9FE61D8FE7BD0D620C9B7C8FEDD
:109A2C000AC8FE0D284EF53A22AFB728133D212463
:109A3C00AFBE3008CD98D93E1ACDFAD72124AF3419
:109A4C00F1212DAFCB7EF5CCFAD8F1CB4E2817FEF9
:109A5C000A3813F5CD2BBD3809CD81BBCDFAD8F121
:109A6C0018F1F1CD84BBCB46C439D7CB5EC400DE34
:109A7C00C9CD98D9E5212DAFCB4E281D3A21AFB7D2
:109A8C002817D6062125AFBE300EC50605CDBED98A
:109A9C0010FBCDCFD9C1E1C934E1E5973224AF3EFB
:109AAC000DCD65D93E0ACD65D9E1C9E5973225AF13
:109ABC002123AF34CD93BBF5CD7AD72120C6CD85EC
:109ACC00D8CD1FDA381B061ECD20D82142C6CD8535
:109ADC00D82A23AF2600CDC6D82128AF0603CD3215
:109AEC00D8F1CD8AD7CD95D9212FAFCB66E1C8E57A
:109AFC002137AFCD85D8E1C395D9473A22AFFE4582
:109B0C00C9CD0CD7CD6ADA48E50600CDAFDA772897
:109B1C0029FE7F281630F4FE0D281AFE2038EC782A
:109B2C00B928E87E2304CD5ABB18E005FA2DDA2BB0
:109B3C00CD1ED718D60405373600E1F53E0132A20A
:109B4C00AFCD84BB180FF53E0132A2AF32A1AFCD21
:109B5C007BBBCD81BBAF32A2AFF1C92198AFC3DDC6
:109B6C00BC3E0132A1AFCD12B94F06802198AF1186
:109B7C0099DAC3D7BC3AA2AFB7C021A1AF357EFEEC
:109B8C0019CA7EBBB7C03632C37BBBCD06BBFEFC4D
:109B9C00C906050E001817CD2BD7CD85D8180BCDBF
:109BAC0098D90606CD20D8CD4BD706040E01CD0C86
:109BBC00D72131AF50CD6ADACDAFDA2820FE7F281D
:109BCC001FFE0D202677DDE5DD2131AF78BAF5CB10
:109BDC0041F5C421D6F1CC3AD6F1DDE137C35FDAD9
:109BEC0078BA28D404CD1ED72B18CD040528C9FE6D
:109BFC003F200ACB492806CD5ABB5718DFCD36DBA0
:109C0C0030B6CD5ABB77230520AECB4928AA3E0DE2
:109C1C0018B3CB41280ECD48DBD8CD38D9FE47D070
:109C2C00FE413FC9FE3AD0FE303FC9D5CD5FDACDFB
:109C3C004BD7CD7AD73E09E5CD6FBBE11AE67FCD88
:109C4C005ABB1A13077938023E20CD0ED73E2DCDC4
:109C5C000ED7CD82D7CD4BD7CD35D710D5CD7AD722
:109C6C00D1CD97DBD2CCDDDDE5E14806000909CD8D
:109C7C00E3D6E9CD4BD7E5D1CD6ADA0600D5E1CDF7
:109C8C00AFDA2830CD38D9B728F3FE7F200F78B75C
:109C9C0028EB2130AFCBBECD1ED70518E030DE054A
:109CAC00F504F12830FAE7DBFE0D20D106003A303E
:109CBC00AFCDDBDBC35FDA4FBE37C823047EB7C83A
:109CCC007918F4C5CDDBDBC130B3E67F3230AFCDD4
:109CDC005ABB0418A8FE0D28D3B920A13A30AFF610
:109CEC0080C5CDDBDBC130953230AF7918E1F53A68
:109CFC0020AFB7F5CC09B9F1C406B9C53A1FAF4FBF
:109D0C00CD0FB979327FAFC1F1EDB0F5C50E00CDF5
:109D1C000FB9C1F1C9D5573A78BC5F3A7BBC180969
:109D2C00D5573A8DBC5F3A90BC937AD1C9110008D3
:109D3C00CD66DC3805C9CD6CF5D0210ECACD82D8E4
:109D4C0037C9E5CDC7D6AFED52380BEBCDD8D62BF6
:109D5C00CDA1D7380113E1C9E5F5CD78BBF1BC38FD
:109D6C000A94E1C8C547CD97DCC1C9E1F5CD2BD725
:109D7C00F118E50405C83E20CD5ABB10FBC9DD6EB9
:109D8C0000DD66014623C3E3D6FE022808FE01C0AF
:109D9C0011FFFF180ADD5E00DD5601DD23DD23DD3A
:109DAC006E00DD6601AFC921A3CACD82D821C1AF37
:109DBC000610CD28DA21C1AFC9CDF2D6F5CDD3D559
:109DCC00CD90D73222AFE5D5C5CD6ED7C1D1E1F15B
:109DDC00C9CD9CD7300C09EB09EB2B1BE521EDB859
:109DEC001810E521EDB0180AE521EDA11804E521C4
:109DFC001A00227AAFE1C35FAFE521770018F3CDEB
:109E0C00F2D6B7DD7E00C40EBCCD11BCB720013C30
:109E1C00CD0EBCCD5FDACD6ED7CDD3D53E81322DF4
:109E2C00AF211AC4CD4BD7CDCCD6CD55D8212BC410
:109E3C00CD4BD73A20AFB72143C428032145C4CD1D
:109E4C004BD72147C4CD4BD73A1FAFCD5AD8AF32E1
:109E5C00E4AF32EDAFCDD3D5CD90D73222AF21FDCB
:109E6C00C2110AC401500FDD219EDDCD4FDBCD2F79
:109E7C00D93AEDAFB7289CC3F2D653DF50DFA0DF41
:109E8C009DDFE8DDF9DD31E0AFE2ACE2D5E3F3E3F1
:109E9C008BE27DE37AE3CCDDCDF2D6CDD2DD21644D
:109EAC00C028022E58C31B003E0132EDAFC90EFF75
:109EBC000CCD15B9D68020F824253E7BC8253EDE76
:109ECC00C0D680C92158C4CD4BD70602CDD0DAC834
:109EDC007B321FAFC92120AF7E2F77C9FE07C8DDAB
:109EEC00E5F5CD95BCD202D9F1DDE1C9CDDDDCCDF6
:109EFC0019DEC3F2D6F5CD92BCF1FE03201DCD5177
:109F0C00DCD8DD6E04DD6605CDA8DCDDE5CD8CBCD2
:109F1C00DDE130123E02CDADDC1815CD51DCD8CDD3
:109F2C00CBDCD0CD8CBCD217E9CD2BD7CDFFDFD07D
:109F3C00E5212DAFCBDECB862162C5CD85D8E1E501
:109F4C00CD7BD8E1CD80DEC38FBCCDDDDCCD77DE23
:109F5C00C3F2D6CDD5CF2804CDFFDFD0CD2BD7ED96
:109F6C00732BAFCDBED9D5E5212DAFCB5EE120064D
:109F7C00CD55D8CDF4D7E5CD43FEC5F5E5212DAFB4
:109F8C00CB5EE1200CCD82D7CD06FDCD7ED7CD1199
:109F9C00FDCD7AD7F1F5DC28FDF1D421FDCDBED96C
:109FAC00C1E109D13805CDA1D730BBC9CDDDDCCDA0
:109FBC00D9DEC3F2D6F5CD92BCF1FE03201DCD51F6
:109FCC00DCD8DD6E04DD6605CDA8DCDDE5CD8CBC12
:109FDC00DDE130123E02CDADDC1815CD51DCD8CD13
:109FEC00CBDCD0CD8CBCD217E9CD2BD7CDFFDFD0BD
:109FFC00E5212DAFCBDECB86E1CD35DFC38FBCCDDC
:10A00C00DDDCCD2CDFC3F2D6CDD5CF2804CDFFDFE0
:10A01C00D0CD2BD7CD90D73222AFED732BAFCDBE99
:10A02C00D9CDBCDF3885CDA1D730F6C9CD97DFCDE2
:10A03C0004E0D0CD2BD7ED732BAFCDBED9D5CD55FC
:10A04C00D8CDF4D7E5CD43FEC5F5CD82D7CD06FDF1
:10A05C00CD7ED7CD11FDCD7AD7F1F5DC28FDF1D42D
:10A06C0021FDCDBED9C1E109D13805CDA1D730CD67
:10A07C00C320D93E03322DAFC9CD97DFCD04E0D03C
:10A08C00CD2BD7ED732BAFCDBED9D5CDBCDFD13811
:10A09C00DFCDA1D730F418D8C5D5CD55D8CD5DD8E6
:10A0AC00CD82D7E5CD5CD711A5AFD5C5CD06DDC129
:10A0BC00E1E5CB3941CD2BD8CDF4D741CD2BD8CD43
:10A0CC005DD8CD7ED7CB21E141CD32D8CD7AD7E149
:10A0DC00060009F5CDBED9F1D1C1C9216CC4180354
:10A0EC00216AC4CDCBDAD02004ED5B0CAFD521793D
:10A0FC00C4CDCBDAE1D020011BF5D5EBAFED52E5A9
:10A10C00C1EBD103F137C9CD09B9C37FDA216AC4D8
:10A11C00CDCBDAD0D5DDE1AF32B5AF32B7AFCD6C48
:10A12C00BB3E0DCD72BBCDF6E1CD85DACDF0D8209E
:10A13C00D6CD96E1CDAFDA28CEFEF0380FFEFC304E
:10A14C000BD6F04F21E3E0CD8FDB18E021B7AFFE4B
:10A15C000920057E2F7718D4CB46F52AB5AF2600FB
:10A16C00DDE5D119F1280BCD1DDDCD3BE1CD0FE1A6
:10A17C0018BACD3ADB30B5CD5ABBCD66D732B6AFB7
:10A18C00CDAFDACA2BE0FEF0D40CBB3028FE7FF545
:10A19C00CC3BE1F12896FE0D2816CD3ADB30E1CD13
:10A1AC005ABBCD66D7473AB6AF070707078018B733
:10A1BC003EF3CD0CBB3AB6AF77CD3BE1C350E02DAF
:10A1CC00E11AE123E10FE1E9E1F1E1C2E1FBE0E9B0
:10A1DC00E1F1E1C2E1FBE0CD5CD70D21B5AF71CD72
:10A1EC0078BB7DFE19C8CD1AE118EC21B5AF34CD82
:10A1FC005CD77996C077CD5CD7DD093E0A18122161
:10A20C00B5AF35F0CD5CD70D71CD5CD7CDD1E13E7E
:10A21C000BCD5FDACD5ABBCD5FDA3E05CD6FBBCD32
:10A22C0011D7DDE5E111A5AFCD5CD7C5CD06DDCDF0
:10A23C0006B9CD78BB2D2600CD1ABCEBC1DDE5E10E
:10A24C007CCD25E27DCD25E2CD3AE2CD3AE2C521A9
:10A25C00A5AF7E23CD25E2CD3AE279E6033DCC3A9B
:10A26C00E20D20EEC1C521A5AF7E23CD31E20D203C
:10A27C00F8C1CD5FDAC53AB7AFB7280ECD5CD73A87
:10A28C00B5AF0E2138100E3B180C3AB5AF4F0F0F6F
:10A29C00E6038181C60781CD6FBBC1C36ADA21B5E4
:10A2AC00AF3600CD78BB2DC8CD2DE118F1B7DDE56B
:10A2BC00E3ED42E3DDE1C9CD5CD7C5E13E18093DD4
:10A2CC0020FCE5C1C9CDDBE1CDD1E11805CDDBE149
:10A2DC00DD09CD5FDACD78BBE5DDE5CD5CD7DD09F9
:10A2EC00CDD1E12D20FACD1AD70619C5CD3BE1DD34
:10A2FC0009C105C435D720F3DDE1E1CD75BBC36AD7
:10A30C00DAF50F0F0F0FCD2EE2F1CD4BD8C50100B2
:10A31C0038CD3EE2C1C93E2018F3E5D56F260029A1
:10A32C002929097AE6C04F06083A2EAFFE50201BA9
:10A33C007E12237AC608E63FB15710F4D1E1137BA5
:10A34C00B7C07AE607C07AD60857C97EE6F0121372
:10A35C007E07070707E6F0121B237AC608E63FB113
:10A36C005710E8D11318D6CD04E0D0C8C5E5219319
:10A37C00C5CD4BD70602CDD0DA7BE1C1D0CD1DDDEA
:10A38C00EDA1E018F8D1C1C9CD97DFED732BAFCD9E
:10A39C0004E0D0C5E521D0C5CD97DB30E832E6AF7F
:10A3AC00FE48281D21E8C5CD4BD721B8AF0614CDEA
:10A3BC0025DA28D148C511CDAF011400EDB0C11874
:10A3CC002F21F5C5CD4BD701000821B8AFDD21CD2C
:10A3DC00AFAFCD5ABBC5E506020E03CDD5DAE1C150
:10A3EC0030A3280C73DD7200230CDD233E2C10E20D
:10A3FC007932E2AFD1C1B7C8CD2BD7CDBED9D5CD2F
:10A40C00FAD821B8AFDD21CDAF3AE2AF32E3AFDD00
:10A41C007E00FE3F2813CD12DDC5473AE6AFFE485D
:10A42C0078C12802E67FBE2019DD2323133AE3AF5F
:10A43C003D32E3AF20D9E1E5C5CDBCDFC13E0132F1
:10A44C00E4AFD1130B78B120B52154C63AE4AFB7C1
:10A45C00CC85D8C31DD9CD97DFED732BAFCD04E0E0
:10A46C00D0C8E52185C5C5CDCBDAC1E1D0CD2BD780
:10A47C00CDBED9CD12DD13CD0CDDF5C4ABE3F1EAC5
:10A48C0097E321AFC518C5E53E0132E4AF21A1C564
:10A49C00CD85D8E12B1BCDC6E3CD5DD8CDC6E3135E
:10A4AC0023C9CD7BD83E3DCD5FD8EBCD12DDC35A51
:10A4BC00D8CD04E0D0C8E52169C5C5CDC3DAC1E16A
:10A4CC00D0C8C5D5E5CDF5DCE1D1C1973C37C9ED98
:10A4DC00732BAF21BDC5CD97DBD0FE4ECD16D72843
:10A4EC001DCDD5E3D0C8D522B6AFEB09EB1B092B9C
:10A4FC0022B8AFD5EBB7ED52444DD1E11831CD04B4
:10A50C00E0D0C8E5D52170C5CDC3DAED53B6AF3078
:10A51C0020281E2177C5CDC3DAED53B8AF301228F1
:10A52C0010217EC5CDC3DAD5C130062804D1E1187F
:10A53C0003E1E1C9ED53B4AF1803E12323CDFAD8FD
:10A54C00ED5BB4AFCDA1D7D8C5E5CD43FE09EBE1AA
:10A55C0009C1CB7728E71B1A1B2B2BE5671A6FED6C
:10A56C005BB6AFCD9CD738D2ED5BB8AFCDA1D738A9
:10A57C00C909EBE173237218C33EC0180DCDE8D6A0
:10A58C00CDCCD63E40BC28083806CD08BCC36CBB2D
:10A59C002101C6C348D7ED732BAF97322FAFCD2B0C
:10A5AC00D7CD6ED7CD95D6CDE3D67CB5C8E52323D4
:10A5BC00CDE3D62425280B5E2356CDC1E53EFF32D4
:10A5CC002FAFE118E2ED732BAFCD2BD79732BAAF8B
:10A5DC000C0DE5213BCACC85D8E10C0D2808DD7E9D
:10A5EC000077CDBBE6D01100C0CD12DD6FFE802808
:10A5FC0007FE03D2FAE5180B3ABAAFB7C2FAE53D3B
:10A60C0032BAAFE5C51E04CD12DD471CCD12DD57A5
:10A61C00582109C0CDA1D7C1E1DAFAE57DE6033DA9
:10A62C002009CD86D67E23B6CAFAE52178CACD8517
:10A63C00D82A1FAF2600C5D5CDDED7D1C13E3ACD25
:10A64C005FD8CD82D70610CD0AE604CD97DCCD7A43
:10A65C00D7D51100C0CD12DDF5CD01D83E2ECD5F82
:10A66C00D8CD01D8CD01D8CD5DD8F1E603F5217C4C
:10A67C00CAB728092186CA3D2803218CCACD85D8A2
:10A68C00F1D1FE0228103D200DCD86D6CDE3D6C5E6
:10A69C00D5CD7BD8D1C1CDBED90C0D283C3E0132D5
:10A6AC00BBAFCDFAD8D8CD12DDB7CA2BD7E67FFE1B
:10A6BC00203009CD12DD130730F918E60602CD97CC
:10A6CC00DCCD0AE63ABBAFC61467CD87BB7C32BB88
:10A6DC00AFCD7CDC18CC0C0DC0211FAF7E343CCD33
:10A6EC00BBE6C20AE5C9CD12DD1305C8F5CD39D8D4
:10A6FC00CD5ABBF10730EFC9110000B7282E47DD4A
:10A70C007E00DD23DD23CDAFE67AB4577BB55F1039
:10A71C00EE181F110000B7281947DD7E00DD23DD80
:10A72C0023CDAFE67AB4577BB55F10EE7A2F577B0B
:10A73C002F5FED530040216EE6110240014100ED08
:10A74C00B0CDD2DD210240C316BDE5D5213A40067D
:10A75C008C0E093A0040CB7FC40FBBD1E13A0140CB
:10A76C000E0FCB27F5DCCEBCF10D20F63A00400ED7
:10A77C0007CB27F5DCCEBCF10D20F63100C0C30CA5
:10A78C00C00952554E22444953430D210100B7C80C
:10A79C00C5472910FDC1C9F53A1EAFFE7B2804F14F
:10A7AC00FE10C9F1FE08C9CDE8D6CD09B9ED732B61
:10A7BC00AFCDD3D5219AC2CD48D706112137AFCD15
:10A7CC0028DAC8CD2BD7CDD0D62323235E2356230E
:10A7DC007E3D2320377EFEC02032230137AFE5DDDE
:10A7EC00E10AB72818CD38D9D55F7E23B72826CDF6
:10A7FC0038D9BBD10328EADDE5E12318DEE5D5EB3A
:10A80C00CD56D6D10603CD20D8E118CF11FCFF19B7
:10A81C00562B5E19D5D17E23B6C82318AF3AC0AFDC
:10A82C00FE022055CD44DC2050DD6E00DD66012299
:10A83C00BCAFDD6E02DD660322BEAF3E01322FAF30
:10A84C00DD23DD2318103AC0AFFE02202CDD6E0094
:10A85C00DD660122BEAFDD23DD23181FF5DDE5CD5E
:10A86C008FBCDDE121000022BEAF7D322FAFF1FEA7
:10A87C000528AAFE0428CFFE032020CD51DCD8DD0C
:10A88C006E04DD6605CDA8DCDDE5CD8CBCDDE130EC
:10A89C0011E53E02CDADDCDDE11858CDCBDCD0CDE1
:10A8AC008CBCD217E9E5DDE1CD2BD721C3CACDBED7
:10A8BC00DAD0D521D3CACD2BD7CDBEDAE1D0E5D5B0
:10A8CC003AC0AFFE0237202821E3CACD2BD7CDBE2C
:10A8DC00DAED53BEAFD1E1D0E5D5CD44DC2011216A
:10A8EC00B3CACDBBDAED53BCAF28053E01322FAF56
:10A8FC00D1E1D0ED4BBEAF3AC0AFDDE5CD98BCDDBC
:10A90C00E1309F3A2FAFB728092ABCAFDD7515DDB2
:10A91C007416C38FBCF5CD7ABCF13D281C3D2021AB
:10A92C003C322FAFDD6E02DD6603CDA8DCDD5E00B0
:10A93C00DD5601ED53BCAF1824322FAFCDA2DC187D
:10A94C001C322FAFCDCBDCD0C5E521B3CACDBBDAE1
:10A95C00E1C1D0ED53BCAF200497322FAFCD39DC21
:10A96C002808C5E5CD51DCE1C1D8CD77BCD214E9BE
:10A97C003A2FAFB72004ED53BCAFE5DDE1DD7E121D
:10A98C00E60EFE062014DD3641FFDD3642003A2F7E
:10A99C00AFB72006211FCAC382D82ABCAFCD83BC57
:10A9AC00C37ABCCDDDDCCDBAE43A2FAFB72195CA62
:10A9BC00CC82D8C3F2D6CDDDDCCD6ED7211FAF460D
:10A9CC00C536004FCDE9E4C178321FAFC3F2D6CD06
:10A9DC00DDDCED732BAFF53E0232C0AFF1CD80E77D
:10A9EC00C3F2D6CDDDDCED732BAFCD39E8C3F2D697
:10A9FC00C37DBCCD2FD9C392BCDD7E001805DD7E96
:10AA0C0000DD23FE613807FE7B30410E84C9FE4118
:10AA1C003807FE5B30360E84C9FE30380DFE3A28FE
:10AA2C0036383AFE3F20220E80C9FE202832FE0D19
:10AA3C002822FE272824FE222820FE2E28E9FE09A3
:10AA4C00281EB7280FFE1A280B0E00C9FE5F28D748
:10AA5C00FE8038F50E18C90E08C90E20C90E83C920
:10AA6C000E40C9CD22E9CB7120F9DD2BC9CD87E988
:10AA7C00FE2CC0DD23CD87E997C9CD87E9DD230600
:10AA8C0007FE2B281905FE2D281405FE2A280F0574
:10AA9C00FE2F280ADD2B16032169C8C33FEF783738
:10AAAC00C921000022A7AFCD87E9CB59C238EEDD12
:10AABC00230606FE2D280704FE2B2802DD2B78F535
:10AACC00CD3AEAF12AA7AFB7282C3D28313D2833DF
:10AADC003D280C3D281B3D280E3D281019182A7DB9
:10AAEC00AB6F7CAA671822CD91D8181DAFED521808
:10AAFC0018CDA4D818137DA36F7CA267180BCDAA10
:10AB0C00D818067DB36F7CB26722A7AFCD9EE9380B
:10AB1C00AEED5BA7AFC9CD87E9DD23FE242005EDA3
:10AB2C005B8EAFC9FE402005ED5BABAFC9FE26289E
:10AB3C0038FE232834FE252846CB69281F47CD2212
:10AB4C00E9CB6120145F1600B820031E00C9CD228A
:10AB5C00E9B8C8DD2BDD2BDD2BC34EEECB512036F7
:10AB6C00CB41280EDD2BC33AD6DD7E00CD3ADBDAA5
:10AB7C0021D6C338EEDD7E00FE32D0FE303FC9CD8B
:10AB8C0099EA30EE110000CD99EAD0DD23EB29EBE8
:10AB9C001F30F41318F1DD2BCD59EDD8CD22E9CBB4
:10ABAC007920F9DD2BED5B8EAF212FAFCBFEC91ECB
:10ABBC000018021E01CDF2D622B1AF32DEAF874FA4
:10ABCC0006000BDD09DD22DCAFCDC7D622E2AF7B60
:10ABDC0032E8AF321AAFCD00EBC3F2D6ED732BAF28
:10ABEC00CD7DBCCD09B9CDD3D53E803286AFCD7AE3
:10ABFC00D73AE8AFB7280FCDBED92120C6CD85D81E
:10AC0C00CDBED9CDBED99732B4AF3C329BAF2AE280
:10AC1C00AF22D2AF0634CDD8D622D7AF3600CD4B2B
:10AC2C00ED10F922A5AF2AE2AF22D2AFFDE5D1CDCE
:10AC3C00AEBB2B22D5AFCDCCD623228EAF22ABAF61
:10AC4C003ADEAF32DBAF2ADCAF22D9AF3E8032C264
:10AC5C00AFCD90D73222AF3A9BAF32E4AF97329C54
:10AC6C00AF32B3AF3221AF3223AF3224AF3225AF84
:10AC7C0032B7AF32E5AF212FAFCBA6CB96CB9E67C9
:10AC8C006F22AFAF22ADAF2322A9AFDD2AB1AFCD7A
:10AC9C0087E9FE02301AB72007DD23CD7EF2182D8E
:10ACAC00DDBE012002DD23AF32A9AFCD92F2181D1B
:10ACBC00CD86ECCDCAEECDDDF0CDFAD83AB4AFB737
:10ACCC00280B212FAFCB6E2804CD20D9C83A1AAF50
:10ACDC00B7F2FFEBCD1DE9FE1A28063A9CAFB72858
:10ACEC00CF3AE5AFB7C48FBCCD7DBC3AB3AFB73E5E
:10ACFC000032B3AFC242EE3AE8AF32B4AF3A9BAFD8
:10AD0C003C329BAFFE03C24AEB3AE8AFB7282D2189
:10AD1C00AAC9CD85D82AAFAFCD13D821B3C9CD855B
:10AD2C00D82AADAFCD13D8CD98D9212FAFCB5EC4D7
:10AD3C00C8F9212DAFCB5ECB9EC48FBCCD7AD73A50
:10AD4C001AAFB7F80110272AAFAF7CB52AADAFB454
:10AD5C00B5C8EDA1EA6BECC3BCDDCD3AD6EB22A9AC
:10AD6C00AFC9212FAFCBB6CBAECB86CB8E2A8EAF55
:10AD7C0022BAAF9732C4AF32D4AF32EAAF676F2288
:10AD8C00BCAF22E6AF2AD2AF22DFAFCD87E9DD22FE
:10AD9C009DAFDD23FE2728F3DD2BCB412805CD7E8F
:10ADAC00EC18E8FE2EC0DD23212FAFCBC6CDE8EC8E
:10ADBC00C03A8EAFBB20073A8FAFBA2001C9212F02
:10ADCC00AFCBF6C9CD59ED30052B22BCAFC93AC279
:10ADDC00AF0730093AA6AF77233AA5AF772AA5AFCC
:10ADEC003600CD4BEDCD4BED22BCAF3A8EAF77CDCF
:10ADFC004BED3A8FAF77CD4BED3600CD1DE9CB79CE
:10AE0C002817CD22E9CB59200DCB792809CD38D97B
:10AE1C0077CD4BED18ECDD2B2BCBFE233AC2AF07D5
:10AE2C00300322A5AF3CC923D5ED5BD2AFCDA1D762
:10AE3C00D1D0C3DAEDCD22E9CB51CA29EEE6DFD66B
:10AE4C0041874F06002AD7AF09DDE5DDE17EB7C8A3
:10AE5C00236E67DDE5E523232323CD8CEDE130EB79
:10AE6C00D123235E235637C97EFE8028142B23CD95
:10AE7C0035D9CB792812477EE67FB8200BCB7E28BC
:10AE8C00EDCD1DE9CB7937C8AFC92175C6C378EEB6
:10AE9C002105CA183ACD52FACDC5E9212FAFCB7E88
:10AEAC00C83A1AAFCB77C021F9C8182321E0C918CA
:10AEBC001E2169C918192147C63EFE329BAFE521F8
:10AECC0098C9C397EE213CC9180521F0C918003E5A
:10AEDC00FE329BAFE52198C9C383EE212FAFCB7E09
:10AEEC0028063A1AAFCB77C0CB7620233C21B3C8C7
:10AEFC0028623C280B3C21C6C828592167C6185427
:10AF0C0021D7C81846215DC6184A21F8C918C02196
:10AF1C00E5C81840212EC9183B21F9C81836215C08
:10AF2C00C9E5CD67EE217CC918492114C918252122
:10AF3C0021C918202147C9181221CFC91816210977
:10AF4C00C918112AADAF2322ADAFC9E5CD67EE21EB
:10AF5C007CC9180BE52AAFAF2322AFAF218AC9E514
:10AF6C003A9BAF3D3D32D4AFFEFFF5CCEAF1F1C4D4
:10AF7C0045F1E1CD2BD7CD7ED73A9BAF3DC485D8DB
:10AF8C00E1ED7B2BAF3A9BAF3D280ECD7AD7CD852B
:10AF9C00D83E07CD5FD8CD98D93A9BAFB7F2E6EB48
:10AFAC0032AFAFC360EC973290AF212FAFCBBECD99
:10AFBC0087E9CB59C0FE3BC8DD229FAFCD3AEFD21B
:10AFCC00F7F3212FAFCBCEF5CD52FAF13287AF3E4E
:10AFDC00FF3288AF3289AFCD87E9CB592015FE3BC4
:10AFEC002811CDB7EF3288AFCD91E92006CDB7EF60
:10AFFC003289AF3AC2AFB7F0DDE5CDB8FADDE1F595
:10B00C001190AF1AB7280947131A13CD5AFA10F931
:10B01C00F1B7C2FFEDC916432196C63E0422B8AF64
:10B02C001E00DD22BEAF32C7AF7B82CB3FF56F2651
:10B03C0000444D29293AC7AFFE05200109ED4BB854
:10B04C00AF09DD2ABEAF3AC7AF47CD22E9CB5120BD
:10B05C0009DD2B7EFE2028101818E6DFBE381320E1
:10B06C001CCB71200A2310E2CD1DE9CB792016F1FF
:10B07C0037C9F13DFAAEEFBB38105718ACF1BA3006
:10B08C00093C5F18A4F15FAF7BC95F3CB77BDD2A3D
:10B09C00BEAFC9DD22A3AFCD1DF0301BFE1F301794
:10B0AC00FE102834FE112830CB43C8F5CD87E9FEBD
:10B0BC00292033DD23F1C9F5D5CDC5E93A88AFFE9A
:10B0CC00202804FE1F2006ED538CAF1804ED538A84
:10B0DC00AFC1F1CB4120D4C9F5CD87E9FE2B280FA8
:10B0EC00FE2D280BFE29C262EEDD23F1C611C9CD5F
:10B0FC00C5E9ED538CAFF118B22179C8060058DDC3
:10B10C002AA3AFCD35D94ECBB9B92010FE282005D6
:10B11C00CBC3CD87E9CB7E20162318E7CB7E232823
:10B12C00FB2B23043E20B820D6DD2AA3AF3FC978E1
:10B13C00FE1F3FD8CD22E9CB592018CB712014FE2D
:10B14C002C2810FE2D280CFE2B2808FE3B2804FE74
:10B15C002920CFDD2B7837C9CD7AD72ABAAFCD7B52
:10B16C00D82323232322BAAF3E02CDFAD7CD7ED7E4
:10B17C003AC4AFB7201C2AD2AFED5BE6AF19060478
:10B18C007AB3C8CD6CD8CDF4D72B1BED53E6AF10EA
:10B19C00EFC9CDE8D72AC5AFCD7BD8C3ECD7CD1E30
:10B1AC00DAD220D805051806CD1EDAD220D878D6EA
:10B1BC000C4705F420D8C35DD83A9BAF3D28243A00
:10B1CC00C2AF0730143A1AAFCB77212FAF2005CB83
:10B1DC007EC23DEECB76C233EECB4E20063AC2AFEA
:10B1EC000730123AC2AF07300CCD87E9CB59200596
:10B1FC00FE3BC258EE3A1AAFCB7720073AB4AFB742
:10B20C00C22FF13E0132D4AFC3EAF1212FAFCB46AE
:10B21C0020073AD4AFB7C2EAF13A9BAF3D3D32D4E6
:10B22C00AFCD2BD7212FAFCB56200C3A2DAFCB4F18
:10B23C002805CBD6CDCFD92AA9AFCD1EDAD413D8B9
:10B24C00212FAFCB462005CB4ECA2BF3CD7CF0CDB6
:10B25C0082D73A24AFED44C61AC4CCF0212FAFCB21
:10B26C00462836DD2A9DAFCD22E9FE2E28043E204D
:10B27C00DD2BCD5FD8CD22E9CB7920F6DD2B212F2C
:10B28C00AFCB4E28413A24AFFE23D498D947CD1FDB
:10B29C00DA300678FE15D498D93A24AFED44C6239B
:10B2AC00CDC2F0DD2A9FAFCD22E9CB512805CD5F71
:10B2BC00D818F43A24AFED44C629F2E3F13E01CD9F
:10B2CC00C2F0DD2AA1AF0600CD22E9CB69C40EF392
:10B2DC00CB68C425F3CB59200FFE3BCC41F32AD4C9
:10B2EC00AFCB45CC46D818E0F53AD4AFE6012018E0
:10B2FC00ED5BE6AF7AB32810CD98D93E07CD1EDAB8
:10B30C00D420D8CD7CF018E82ADFAF22D2AF3AD4C3
:10B31C00AFE601CC98D9CD7AD73AB7AFB7F26AF28B
:10B32C00DD2BDD22B5AF3E0132B7AFDD2AC0AFF168
:10B33C003AE1AFF5B7DD7700DD77012009CDF7F203
:10B34C00CDC6F3DD7705C13AEAAF3DCAAAF378FE64
:10B35C001ACAA3F3B7FAA3F3202ACD22E9B7CAA3DA
:10B36C00F3DD23CD22E96FCD22E96722A9AFCD22EF
:10B37C00E93DC2A3F3CD22E9FEC0C2A3F33AB7AFB5
:10B38C00B7C81827FE0DC02AA9AF2322A9AF3AB718
:10B39C00AFB7200FCD22E9FE0ACC22E9DD2BB7C0D6
:10B3AC00C3A3F3CD89BC2803D2A3F3DD2AC0AF0617
:10B3BC0000CDC6F304CA2EEEDD7700CD22E9CB61B9
:10B3CC0028EFF504CA2EEECDC6F3DD7700DD23F1B0
:10B3DC00B720123E0580DA2EEE0605CDC6F3DD77DA
:10B3EC0000DD2310F6DD2AC0AFC9B82811CB68C028
:10B3FC0047FE22C8DD7EFEE6DFFE463E27C0060085
:10B40C00C9FE3AC0CB99C9CB80DD7E00FE3B20093A
:10B41C00DD7E01FE3B2002CBC03E131837CB68C04B
:10B42C00CB80DD7E00FE3B2002CBC0DD2BE13A243D
:10B43C00AFFE363015ED44C636F53AD4AFE60120F2
:10B44C0006CD1FDADC98D9F1180A3AD4AFE601CC54
:10B45C0098D93E1AF5CD82D7F12AD4AFCB45C5CCBD
:10B46C00FAD7C1CD22E9CB59200A2AD4AFCB45CC8F
:10B47C0046D818EFCB402804CB6128EEC30CF23A27
:10B48C00B7AFB7CAACF69732B7AFDD2AB5AFCD7A46
:10B49C00BC2AD2AF1100091922D2AFCD22E9B7C311
:10B4AC007CF2DDE5CD80BCDDE1CAB4EDD8FE1AC876
:10B4BC003EFFC9CD35D9FE4528561807CD35D9FEE6
:10B4CC0054284DF1212FAFCB8EDD2A9FAFCDCCEC84
:10B4DC00C3CAEEDD2A9FAFCD87E9CB5128E6212FD9
:10B4EC00AFCBCE162621A6C73E05CD41EF38182886
:10B4FC0016212FAFCB4628CCCD22E9CB5120F9DD3C
:10B50C002BCD52FAC329EEF5FE1628A7FE1728AC50
:10B51C00F1FE11CAC0F65FCD1DE9CB7920D37BFEBD
:10B52C000CCA6AF6FE0ECA8BF6FE12CAB9F62AC20D
:10B53C00AFCB7DCA52FA4F2161F4C38FDBEEF528F5
:10B54C00F5E1F5EEF5EEF526F8EEF510F9CDF51082
:10B55C00F9BAF9CDF56AF6ACF68BF657F848F7C0A0
:10B56C00F6B9F62BF8ADF7BEF7E6F51EF885F846FA
:10B57C00F9A2F87AF9ABF873F78DF510F9C4F53137
:10B58C00F6EEF581F9AFF9CDF5AFF4CD4EF511002E
:10B59C0008CD6CF53AE5AFB73E0132E5AFF53A9B15
:10B5AC00AF3D2002F1C9F1DDE5E5D5C5C48FBCC1C5
:10B5BC00D1E1E5D5C5212DAFCB9ECD92BCC1D1E15A
:10B5CC0097CD6BBCCD8CBCCAB4EDE5E5DDE12A8E24
:10B5DC00AFDD7515DD7416DD751ADD741BE1DDE16B
:10B5EC00010900093E43EDA120163E4FEDA12010AC
:10B5FC003E4DEDA1200AE5218DBC7E2E90BEE1C80A
:10B60C00093602C9CD52FA3AE5AFB7C8AF32E5AF49
:10B61C002AD2AF1100081922D2AF22DFAF3A9BAF6A
:10B62C003DC8DDE5CD8FBCDDE1C9CD7AD7CD52FA71
:10B63C000600CB59C0DD2357DDE5E1CD1DE9CB611B
:10B64C00C0DD23BAC80418F3E52AD2AFAFED52DA45
:10B65C00DAEDED5BA5AFCD9CD7DADAED22D2AF22D5
:10B66C00DFAFE1ED5BD2AF13C9CD4EF5DDE51100D7
:10B67C0009CD6CF5E52101081922C0AFE197CD6B1E
:10B68C00BCCD77BCCAB4EDD2D0EDE60F2807FE06D0
:10B69C00C2EEEDC60732E1AF3EFF32B7AFDDE1C916
:10B6AC00CD52FA3E0132EAAFC9CD52FACDC5E97B93
:10B6BC00CD5AFA7ACD5AFACD91E9C018EF3A9BAF30
:10B6CC0018023E0132E4AFC352FACD52FACD87E9EB
:10B6DC00CB69200DCDC5E97BCD5AFACD91E9C018C7
:10B6EC00EC47DDE5DD23CD22E9B8281DCD22E9B8F4
:10B6FC002817DDE1DD23CD22E9B8280BCB6120052D
:10B70C00CD5AFA18F1DD2B18D2DDE118C7CD52FA5B
:10B71C00CD87E9CB61C0CB69CAAEED57DD23CD1D1A
:10B72C00E9CB61C0CD22E947CD1DE9CB61200BBA35
:10B73C00280678CD5AFA18ECDD2378F680CD5AFA23
:10B74C00CD91E9C018CACD52FA3AB3AF11C7AF6F59
:10B75C002600197EB7F03AC2AFF5E6033DC2E9ED1B
:10B76C00F1EE8332C2AFC9CD52FA3AC2AFE603CA88
:10B77C00E9ED3AB3AF3DFAE9ED32B3AF11C8AF6FB3
:10B78C002600197E32C2AFC9ED5BABAFCDB4F73238
:10B79C009CAFC352FA3E0132E9AF18199732E9AFA8
:10B7AC00CD1DE9CB71C2D9F6FE322809FE31280530
:10B7BC00CB59CA15F4CD52FACB59C238EE473AB32D
:10B7CC00AF3CFE0BCAE9ED32B3AF3AC2AF11C7AF13
:10B7DC002AB3AF26001977B7F0DD23DDE5CD87E975
:10B7EC00DDE1CB592028FE3B2824DD2BCDBCEDCD53
:10B7FC00B4F77AB3CB7A280197B728023E80473A40
:10B80C00E9AFB7782802EE80F60132C2AFC978FEF4
:10B81C0032280BFE3120D33A9BAFE60118DB3A9B62
:10B82C00AF3D18D5CD52FA3ADBAF3DFA5DEE32DBC7
:10B83C00AF2AD9AF562B5E2B22D9AFCDE8EC280618
:10B84C002ABCAF732372CD6DF8CD91E928D9C9CD3F
:10B85C00B9EDD5CD91E9C229EECDC5E9E1CDB4F76D
:10B86C002B7E23FE0428083DC21FEE732372C93EB3
:10B87C0090EBCB7C2004293D20F8CBBCEB3600238D
:10B88C003600237323722377C9CDB9EDED53D5AFB1
:10B89C00ED53C5AF3E0132C4AFC93A9BAF3DC83A78
:10B8AC00B4AFB72003322DAF2A2DAF3E0132B4AF67
:10B8BC00CD4DFAE6DFFE502808FE462814CBC518FD
:10B8CC0004CBCDDD23222DAF3AE8AFB7C032B4AFF5
:10B8DC00C9CD4EF5110008CD6CF5E5D5C5AF32E5F7
:10B8EC00AFCD92BCC1D1E197CD6BBCCD8CBCCAB4F1
:10B8FC00ED2A2DAFCBDDCBC518CBCD4DFA9732B49D
:10B90C00AFC9CD52FA1810CD52FACDE8ECCD87E97B
:10B91C00FE3DC229EEDD23212FAFCBB621BCAF3AC1
:10B92C00BDAFB6CA53EECDC5E9CDB4F72ABCAF73E3
:10B93C002372C9CD52FA3A9BAF3D28DB21BCAF3AFA
:10B94C00BDAFB6CA53EECDBCEDCDB4F7212FAFCB06
:10B95C00F62ABCAF7BBEC0237ABEC0212FAFCBB6BC
:10B96C00C9CDB9EDED538EAFED53BAAFED530CAF6E
:10B97C00CD91E9CCBCEDCDB4F7ED53ABAFC9CD4D0A
:10B98C00FA212FAFCBEEC9CDB8F83E0DCDE9F83E7C
:10B99C000AC3E9F83AE8AFB7C42BD7CD4DFACB5967
:10B9AC00C01600CB69280357DD23CD1DE9CB61C040
:10B9BC00DD23BAC8FE26281EFE242824FE4028209B
:10B9CC00CDE9F818E54F3AE8AFB779C45ABBC9D5F9
:10B9DC00CD59EDEBD1C9CDF3F830E5CD7BD818CAF4
:10B9EC00CDF3F830DBD5CDA7D7D118BECDB9EDCD81
:10B9FC00B4F7D5CD91E91E00CCC5E9C178B1C82A00
:10BA0C00ABAF7BCD87FACD60FA0B18F0CD4DFACDEC
:10BA1C0052FACDC5E97AB720067BB7C8FE28D0C349
:10BA2C001FEECD4DFA3AB4AFB7C82A23AF26002388
:10BA3C00EBCB59CCC5E9EB2B7CB7C21FEE7D322387
:10BA4C00AF3A21AF473A25AFED4480472805CDBE2C
:10BA5C00D910FBC3CFD9CD30F93221AFC9CD4DFAB6
:10BA6C00212FAFCBA6CB61C0064F2137AFCB59C02E
:10BA7C0057DD23CD1DE9CB612009DD23BA280477DE
:10BA8C002310F03680212FAFCBE6C9CD30F9B7CCDF
:10BA9C0090D73222AFC9CD4DFA3AB4AFB7C8212FE7
:10BAAC00AFCBDEC921BDC9CD85D80E400C3E5AB9ED
:10BABC00DA98D906002AD7AF118200ED5209097E17
:10BACC00B728E9236E67E52323E5CDE3D6CD7AD7F6
:10BADC00CD55D8CD82D7E12379CD5FD8237EE67FB3
:10BAEC002812F5CD44FA2008CD98D90605CD20D8DA
:10BAFC00F1CD5FD8CB7E28E4E1CD44FAFE15381B9E
:10BB0C003A24AF473A22AFC61490D614FE1530FA39
:10BB1C0047CD20D8CD44FAFE1330A4CD98D9189F28
:10BB2C003A24AF573A22AF92C93E0132D4AFCD87F7
:10BB3C00E9DD22A1AFC92AABAFCD6EFA2322ABAFA0
:10BB4C00E52A8EAF23228EAFE1C9F5E52AA5AFCD4C
:10BB5C004BED2AD2AF772B22D2AF2AE6AF2322E6C7
:10BB6C00AFE1F1F53AE4AF3D28283A1AAFCB772094
:10BB7C00213AE5AFB7200FF1D5ED5BD5AFCDA1D70D
:10BB8C00D1DAD5ED77C9F1DDE5CD95BCDDE1CAB4EF
:10BB9C00EDC9F1C9AF2A87AF671160CB196E672960
:10BBAC002911A0CB19E5DDE1AF3290AF3297AF325E
:10BBBC0098AF3299AF329AAF010400DD09CDF4FA97
:10BBCC003A99AFD8DDCB007E28DEAF3290AF3DC9BD
:10BBDC00DD7E00E61F3295AF5F3A88AFCDA2FC7ACE
:10BBEC00FEFFC83297AFDD7E01E61F3296AF5F3A9B
:10BBFC0089AFCDA2FC7AFEFFC83298AF3A96AFFE61
:10BC0C001120142A88AF7D84FE252807D615280319
:10BC1C003D2004F6FF180BCD4AFB37C9CD9CD7D875
:10BC2C003EFC3299AFC9DDCB037E3EEDC483FC3ABA
:10BC3C0095AFFE1A20132A8AAF7DB728013CE60384
:10BC4C003297AF110300CD40FB3A95AFFE1820247C
:10BC5C002A8AAF113900CD40FB7DFE08380DE6C7AE
:10BC6C00C444FB200F7D0F0F0FE6073297AF2A8CD1
:10BC7C00AF228AAFDDCB017EF5CC4FFCF13ECBC4BD
:10BC8C0083FC3A95AFFE19200F2A8AAF7DE6073266
:10BC9C0097AF110800CD40FB3A9AAFB728102A8C09
:10BCAC00AF7DCD83FC118000197CB7C444FB060228
:10BCBC003A95AFFE142835FE152831FE16283AFEAB
:10BCCC00172836FE1B28453A96AF10E7DDCB017ED0
:10BCDC00C44FFCDD7E00FED8C03A97AFB72807FEF4
:10BCEC00042803FE06D83EFF3299AFC92A8AAF7DDD
:10BCFC00CD83FC7CCD83FC18DA2A8AAF7DCD83FC06
:10BD0C007CB728CF3C3EFEC446FB18C72A8AAFED51
:10BD1C005B8EAFAFED522B2B7DCD83FC11800019C8
:10BD2C007CB728AF3EFD3299AF18A80E003A97AFFA
:10BD3C00B728115FDD7E00CD91FC78B72806AF8364
:10BD4C0010FD814F3A98AFB728115FDD7E01CD9180
:10BD5C00FC78B72806AF8310FD814FDD7E0281E5AC
:10BD6C00D52190AF345E16001977D1E1C90600E6F3
:10BD7C0060C804FE20C80608FE40C80610C916009C
:10BD8C00D52144CB195E21F9CA19D1FEFF2006BE7C
:10BD9C00281216FFC94E2341CBB9B9280714CB780A
:10BDAC0028F318EEF57AFE0A380815152100002242
:10BDBC008CAFF121F3CA010300EDB1201C3EDD2153
:10BDCC0090AF360123777B1600FE11D81602FE13B6
:10BDDC00D816063E01329AAFC90E03EDB13EFD28CE
:10BDEC00DEC941E5CD2BD83E0C9191180741E5CD2C
:10BDFC0032D83E059147E1CD20D8C3F4D73E3F065B
:10BE0C0003C325D82AA5AF260029290196C6090601
:10BE1C0004CD32D80602CD20D83AA6AF4FDD7E0035
:10BE2C00E61FC8CD5BFDDD7E01E61FC8F53AA7AF66
:10BE3C004F3E2CCD5FD8F1FE143044FE0E20023E56
:10BE4C00135FFE0F382606013AA8AFFEDD28050465
:10BE5C00FEFD20187BFE1138100479FE06280A7BA3
:10BE6C00FE13280879FE02200379804F1600214426
:10BE7C00CB195E21F9CA1959197EE67FC3F2FDF57B
:10BE8C00FE15CCE8D7FE17CCE8D7F1F5FE18DCF0A0
:10BE9C00D7F12AACAFFE1B20137D4FFE803F9F478E
:10BEAC002AA3AF232309CDF0D7C37BD8F5FE183ACC
:10BEBC00A6AFD476D8F1F5FE16DC7BD8FE187DDC67
:10BECC006DD8F1FE15CCECD7FE17CCECD7C9F5210B
:10BEDC0079C8B7280FFE213802D611473E80BE2301
:10BEEC0030FC10FA0E007E23FE2820020E29F5CD20
:10BEFC0046D8F1B7F20AFEF1FE10381DFE123019C9
:10BF0C003AABAF062BB7F231FE062DED44F578CDEA
:10BF1C005FD8CDF0D7F1CD6DD879B7C45FD8C92231
:10BF2C00A3AF11AEAFD5010400CD06DDE123237E16
:10BF3C002B2B32ABAFAF32A9AF32A8AF32A5AF3299
:10BF4C00AAAF1101007EFEDD2804FEFD200A32A8F6
:10BF5C00AF237EFE36200113FEED200432AAAF2360
:10BF6C00FECB200B32A9AF233AA8AFB7280123226E
:10BF7C00B2AF195E2356ED53ACAFDD21A0CB01045B
:10BF8C0000DD09AF32A6AF32A7AF2AB2AFCDCBFEE0
:10BF9C00D8DDCB007E28E721A5AF347EFE4438DE09
:10BFAC0001010021AEAFC97EDDBE02DA44FF3AA921
:10BFBC00AFDDAE01FA44FF3AA8AFB72808DD7E0327
:10BFCC00CB67CA44FF3AAAAFDDAE03FA44FFDD7E6D
:10BFDC0000FECB20057EFE4030463AAAAFFEED2097
:10BFEC00237EFE4E283AFE702836FE712832FE6003
:10BFFC003812DD7E01FE4A2827DD7E00FECA28208D
:10C00C00FEDA281C016000DD7E00A1280104DD7E23
:10C01C0001A128010478B720097EDDBE02CACCFF3D
:10C02C00B7C9FE0128197EDD9602FE4030F2F5E616
:10C03C000732A7AFF10F0F0FE60732A6AF18697ED4
:10C04C00DD96022863F5DD7E00DDB601CD91FCF1B5
:10C05C00CB402806FE08384218C6CB58282BFE4089
:10C06C0030BE4FE60720B9DD7E00FE58200979FE70
:10C07C002828ADFE2038A9D6DA2006B12803D60828
:10C08C004F790F0F0FE6071811FE40D244FF4FE611
:10C09C000F208D790F0F0F0FE60F11A6AF4FDD7E1E
:10C0AC0000E6602001137912DD46033AAEAFFEDFE5
:10C0BC002002CBF078E6074F3AA8AFB728060CCB96
:10C0CC006828010C78060021AEAF37C9FFFFFFFFCF
:10C0DC00FFFFFFFFFFFFFFFFFFFFFFA301000700B4
:10C0EC0075C0C3B3C1C3A9C1C335CDC35DCEC35DD8
:10C0FC00CEC361CDC35DCEC35DCEC3D1CEC3D4CED2
:10C10C00C3DBCEC3F5CEC325D5C381D5C3BBD5C345
:10C11C00D8CAC306C7C381C5C366C6C34EC6C352FD
:10C12C00C6C392C7C330C6C303C6C35FC1C3D2C0A4
:10C13C00C380C3C3F8C2C3D2C3C3EEC3C32CC4C32E
:10C14C003CC4C3DAC3C3F6C3C331C4C342C4C3566D
:10C15C00DD50617261444FD34350CD444953C347C2
:10C16C00414DC54A4555D8544150C553504945CC0D
:10C17C004A554547CFC1C244524956C5555345D27D
:10C18C004449D24552C15245CE81828384858687EB
:10C19C008889002A3900223EAD3EC33233ADAF321E
:10C1AC0040ADF3D9ED433CADD921F1C0181A214073
:10C1BC00ADBEC8C54677B778C128E7F308D9ED4BB3
:10C1CC003CADB708D92129C12234ADFBC9F308D93C
:10C1DC002238ADE1ED7336AD3100C0D5C5F5FDE5C6
:10C1EC00ED4B3CADB7CD46C1F308D9ED433CAD2189
:10C1FC005AC1223900FDE1F1C1D12A38AD08D9ED7F
:10C20C007B36ADFBC9F308D9E1ED7336AD3100C017
:10C21C00CD46C1F3D9215AC1223900D9ED7B36ADB7
:10C22C00FBC9ED5B3EADED533900FD2148AC5E23FF
:10C23C0056D508D9FBC9CD33AD3800223AADE1E56E
:10C24C002323E3E52A3AADC333AD215AC122390089
:10C25C00EBE9C3A9C1C3B5C2C3D8C2C3BAC2C3BF79
:10C26C00C2C3C9C2C3CEC2C3D3C2C3E0C2C3E9C234
:10C27C00C324C5C329C5C31AC5C3EEC2C3F3C2C305
:10C28C00C4C2C35AC5CD12B94F21D3C1C316BD38D0
:10C29C0006CD12B9B72818C30FCE1100FB19E52330
:10C2AC00E5FDE1CDDDC5CD00CDE1D1FDE137C931F5
:10C2BC0000C0FD2148AC1133AD01A500CD15CB213B
:10C2CC0041AD353E81320300AF3204002133C01141
:10C2DC0080BE013F00EDB0CDB7C0CDDDC50E411124
:10C2EC000000210001CD66C6DCA3C2300AEB01764A
:10C2FC00C13133ADC36EC13E0FCD1ECB18DFCD9A0D
:10C30C00C8CDDBC8014801110000E5CD90C2E1DCCD
:10C31C00A3C23051E5235E235621A4FC19EBE101A5
:10C32C000002EDB0EB01490A110000CD90C230358E
:10C33C00EB2100EA19E52106F2193EC33205002271
:10C34C000600320000210300192201002176C101F0
:10C35C003300EDB02104007EE60FFE0238023600F9
:10C36C004ED1C36EC13E0ECD1ECB1892CD66C6D03B
:10C37C00790CFE4938030E4114242410EF37C9E51B
:10C38C000102007EBE2337200610F90D20F6B7E11E
:10C39C00C9CD33AD22C2217DC4181C2186C4181707
:10C3AC00218FC418122198C4180D21A1C41808217A
:10C3BC00B3C418032174C4CD33AD61C4CD5FC11FA8
:10C3CC00C52189BEC9CD33ADF0C4CD33AD4CC5CD7F
:10C3DC0033AD2EC532C5AD0181001142ADEDB0219A
:10C3EC0043AD22C3ADC92141AD7EB7280435CC8104
:10C3FC00BBCD09BBDC0CBB9FC92142AD7EB7281B52
:10C40C00CD09BB300C21C5AD3435C02142AD360051
:10C41C00C9352AC3AD7E2322C3ADC92141AD7EB738
:10C42C00C481BB3600C306BB3E1AC93EFFC92141BD
:10C43C00AD7EB7CC84BB36FF79CD5ABBFE20D0CDB8
:10C44C0078BBCD87BBD8CD8ABBC38DBBCD2EBD3FB2
:10C45C009FC979CD2BBDD8CDCAC418F6F301DDFA2E
:10C46C0011C6ADCDB4C3030313CDB4C33E361EDC2D
:10C47C00CDA5C33E761CCDA5C33EB61CCDA5C3FB36
:10C48C00C901DFFBED794B7E23ED797E23ED79C974
:10C49C003E18ED793E04ED797E23ED793E05ED797C
:10C4AC007E1223ED793E03ED797E23ED79C901DD12
:10C4BC00FA21C6AD180601DFFA21C7ADED780F9F42
:10C4CC00D8CD1BC4ED780F9F182901DDFA21C6AD1C
:10C4DC00180601DFFA21C7ADED780F3812CD1BC459
:10C4EC00CDBCC4FE1A280CED780F30F4CD17C40B5C
:10C4FC00ED78C91E0018021E80F3F53E05ED797E1D
:10C50C00E67FB3ED79F1FBC901DDFA180301DFFA1F
:10C51C00ED78E604C8379FC97901DDFA1804790172
:10C52C00DFFAF5CDCAC4CD34C430F8F10BED79C9BE
:10C53C0021AAC4180821B3C418032198C446233A6D
:10C54C0003000710FDE60616005F195E2356EBE9A3
:10C55C0001A7BE0AC354C4B3BE01AABE1DC359C4AD
:10C56C00B6BE01B0BE52C35EC4BCBE03ADBE4FC3AB
:10C57C0070C3B9BE03B0BE52C376C3BCBE05B0BE59
:10C58C0051C3BCBE52C307A7BE4FC3B3BE0AC30739
:10C59C00AABE4CC3B6BE1DC3CDCAC4FE13C0E5C5EE
:10C5AC00CD1DC3C1E1C9E5D5C5CD0AC3B7280FCD93
:10C5BC001DC3FE0320083E0DCD51CBC322C2C1D1F9
:10C5CC00E1C9C7C7C7C7C7C7C7C7C7C779FE022155
:10C5DC000000D07B1F380F593E18CDC2CAB72006B9
:10C5EC00E5CD6CC5E1D0793253BE211002B72803DA
:10C5FC00212002C305CBED4360BEC9CD9AC80E0005
:10C60C00793254BEC9793255BEC9C579FE02CC17F0
:10C61C00C8CD2CC8DC47C8CD5DC8C1D0CDE1C80D94
:10C62C0037CC9AC8D03E00C9AF3259BECD5DC8CD0B
:10C63C00F2C8D03E00C96069C9017EFB3E4ACD8874
:10C64C00C97BCD8FDFC324C9CDCCC93E16CDC2CAA0
:10C65C00570E102AFEBACDD7DFD03A51BE2AFEBAF9
:10C66C00E6F0CAABDEFE10CABBDEFE20012BE028D2
:10C67C0037FE300E352831FEC00E122825FE500E26
:10C68C003A2825FE700E3F281FFE900E442819FEF6
:10C69C00A00149E02812FE8001B8CA280BFE400117
:10C6AC00A9CACAD1DE014EE0C3E7DE0000000000DB
:10C6BC003200FA00AF0F0A0F031140BE013D00CD4E
:10C6CC0015CB0DCD15B9FE8020097D3DB428042174
:10C6DC0079BE35CDA3C99F327ABED0180FC7C7E536
:10C6EC002A66BE3266BE7DE1C9C306C7CD56CACD29
:10C6FC004ACA21D4C5CD06C7CDD7CD4F0680216DF2
:10C70C00BE1138CACDEFBC3E1018D4C7CD37C63ACF
:10C71C004CBEC9CDCCC9F5CD71C9017EFB3E04CD53
:10C72C0088C9F1CD88C9C34AC9C73E4518023E4DD8
:10C73C00CDCCC90611CD6DC63A48BE3D03030320CE
:10C74C00FAC9CDCCC93E6606102262BE6769227456
:10C75C00BE48217CC6C329C72A74BE017EFB7CCD92
:10C76C0088C97BCD8FDF7CFE4D20163E14CD85C94C
:10C77C003E10CD85C93E12CD85C93E13CDC2CA1817
:10C78C001C7ACDBDDFAFCDCBDF7DCD88C93E14CDBE
:10C79C0085C97DCD88C93E11CD85C93EFFCDD8C692
:10C7AC003A79BEB7C42AB9FBCD35C9D8C03A4DBE0B
:10C7BC0087C8AFC9F3CD88C97C2A62BEFE66201833
:10C7CC0018060CED78770D23ED78F2ECC6E62020F8
:10C7DC00F1C90C7EED790D23ED78F2FCC6E6202034
:10C7EC00F1C91144BE010700EDB0017EFB3E03CD43
:10C7FC0088C93A4ABE3D0707072FE6F0B6CD88C96F
:10C80C00237EC388C93A66BE47CD55C7D828197848
:10C81C00E6042809D51627CD95C7D118ECE53E17A7
:10C82C00CDC9CA3600E118E179C5CDE0CAC120D521
:10C83C00C9CD83C7D8C8CD71C9CD83C7D81803C398
:10C84C0092C7C87AFE2705300A0414CD95C715CDBA
:10C85C0083C7D8C87AB7200205C915CD95C714CDA2
:10C86C0095C7E5C5CD1E00C1E1D820F305C9CDCCD7
:10C87C00C9E5C53A66BE473E16CDA9DF237E2BB768
:10C88C002017C5017EFB3E07CD88C97BCD88C93EEC
:10C89C0028CDF3C730243600C12336002B7E9228D6
:10C8AC0027C5017EFB3E0FCD88C97BCD88C97ACDCB
:10C8BC0088C99630027E92CDF3C7C1380B20C305D0
:10C8CC00CA0FCACD71C918BA722335D1C33BDAF578
:10C8DC003A4ABECD0CC8F13D20F53A49BECD0CC844
:10C8EC003E08CD88C9C324C9F53EF63D20FDF13D77
:10C8FC0020F6C92153BE5E3E03CDC2CA3C1159BEBF
:10C90C001213010300EDB0C91159BE1AB7C8132197
:10C91C0053BE06031AAE2006132310F837C9AF32E4
:10C92C0059BEC9F52159BE35235E232334AFCDC280
:10C93C00CA962003772B34F1C9F5CD7FC83819CDB1
:10C94C009AC8C1D0C5CDABC8F13806CDCDC8CD661F
:10C95C00C6F59F325EBEF1C9F137C93A5EBEB7C8A3
:10C96C000153BE2156BE5E0AAEC003230AAEC0CD33
:10C97C00BDC8AEC037C9215EBE36002B7EB737C8E6
:10C98C0034CDCDC8C34EC62156BE0153BE0A775F07
:10C99C0023030A77CDBDC877C903233E15CDC2CA80
:10C9AC00570ACB3AD8CB3F18F9ED5B56BE3E0FCDAC
:10C9BC00C2CA2158BE864F21B002C305CBE5D5C5EE
:10C9CC00F53EFF325DBECD01C9CD1BB9180AE5D5C8
:10C9DC00C5F5CD01C9EBEDB0F1C1D1E1C92153BE13
:10C9EC005E3E15CDC2CA3D2323A611800021300224
:10C9FC003C193D20FCEBCDFECA2A60BE018000C96B
:10CA0C00CD4AC9FE40D8E60BEE08BB3E13280FBF3B
:10CA1C00C9CD24C9D8C03A4DBEE602C83E12CDE0FD
:10CA2C00CAD8CA0FCAC9E5D51600214CBEE5ED78A7
:10CA3C00FEC038FA0CED780D772314E3E3E3E3ED55
:10CA4C0078E61020E9E17E2B72D1E137C9C5017E71
:10CA5C00FB3E08CD88C9CD4AC9E6C0FE8020F2C194
:10CA6C00C9CDC2CAD5C5F55F3A7ABEB7280DED78E7
:10CA7C008730FB8738050CED59E3E3F1C1D1C901CF
:10CA8C007EFB1E00B71DC8ED78E6C0EE8020F50CCD
:10CA9C00ED790DE3E3E3E35F1DC8ED78FEC038F8F4
:10CAAC000CED78EE80C037C9F53A7ABEB72004F1A8
:10CABC00F1AFC9F12276BEE3D5C5ED7364BEE521B5
:10CACC000FCAE3E5D5C5F5CD41CA3A5FBEB7201410
:10CADC00017EFA3E01ED79ED5B44BECD2FCA3A5F83
:10CAEC00BEB728FAF1C1D12A76BEC9ED7B64BEF57A
:10CAFC00ED5B46BECD2FCAF1C1D1E13E00D8214C31
:10CB0C00BE7EE60823B6F6402B2BC92167BE01007A
:10CB1C0000C3E9BC215FBE7E2F77B728062167BE14
:10CB2C00C3ECBCCD41CA3E00017EFAED79AF325F59
:10CB3C00BEC921200211D001CD65CA21100211906D
:10CB4C00017DCDFECAED5342BED5CD05CB2240BEF4
:10CB5C00E5EBD6105F01A9CACDEBDE237023702361
:10CB6C007023444DE111070072237219113002CD6C
:10CB7C00FECA73237223D173237223712370C909E4
:10CB8C00EB732372C98903AAC14189CDB082418953
:10CB9C0044AEC2410A03CCC1810A03CCC110E5CD1D
:10CBAC00C9CA7EE1C9D52A42BE1D11400020011917
:10CBBC005F19D1C92A78BE3278BE7DC9F5CD53E054
:10CBCC00B72005F14BC31ECBF1AFC9C7C7C7C7C749
:10CBDC00C7C7FDE5E309444DE1C9FDE5E319EBE108
:10CBEC00C9D5FDE5D119D1C9FE61D8FE7BD0C6E00F
:10CBFC00C9AF12130B78B120F8C9CD51CB3E14CD6F
:10CC0C0051CBCD09BB38FBCD81BBCD06BBCD0CCBFD
:10CC1C00FE432811FE4937280CFE5228073E07CD4B
:10CC2C005ABB18E6B7CD5ABBCD84BB3E00E5C5F563
:10CC3C00E67F21ECCB470418057E233C20FB10F942
:10CC4C007E23FEFF280BE5D5C5CD79CBC1D1E118EC
:10CC5C00EFF1C1E1C9B7F2CCCBFEFE2846FEFC28B1
:10CC6C001AFEFD20C80608CD95CB3E2ECDE9CB068D
:10CC7C0003131AE67FCDE9CB10F7C9EB1620019C04
:10CC8C00FFCDB3CB01F6FFCDB3CB7DC63018363E0E
:10CC9C00FFE53C093004E3E118F7E1B72802163050
:10CCAC0082182279C641181DF5FE202017E5D5CD36
:10CCBC0069BBCD78BB7AD6043F3001BCD1E13004DE
:10CCCC00F1C34FCBF1C35ABB0D0AFF202020FFFC50
:10CCDC004BFF9782206672656597FF8042616420E6
:10CCEC00636F6D6D616E6480FF9B616C72656164D6
:10CCFC00792065786973747380FF9B6E6F742066FE
:10CD0C006F756E6480FF956469726563746F727978
:10CD1C00209AFF989AFF986368616E6765642C206F
:10CD2C00636C6F73696E6720FD80FF9B6973209D38
:10CD3C00206F6E6C7980FFFDFF9575736572FC80BA
:10CD4C00FF2E2E2E5E43FF9643502F4D80FF966292
:10CD5C006F6F7420736563746F7280FF959D99FF7C
:10CD6C00959C99FF986973209C2070726F74656311
:10CD7C0074656480FF986D697373696E6780FF805A
:10CD8C0052657472792C2049676E6F7265206F72D0
:10CD9C002043616E63656C3F20FF80447269766549
:10CDAC0020FE3A20FF804661696C656420746F2018
:10CDBC006C6F616420FF8080FF956469736320FF52
:10CDCC00206661696C80FF66756C6C80FF80FD204D
:10CDDC00FF7772697465FF72656164FFAFFD770060
:10CDEC00FD77013DFD7708FD772CFD227DBE217777
:10CDFC00BC116401CDFECA012700EDB0EB369423C3
:10CE0C0036CD23CD12B9773EC9327FBE3A7ABE3CBD
:10CE1C00C0CD48CDD02177BC0607CD4DCDD0219BC0
:10CE2C00BC041805218CBC0605B7203F118B01CD25
:10CE3C00FECA36DF237323722310F737C9CD7CCD9E
:10CE4C00D02164011177BC011500CD85CDD021888E
:10CE5C0001119BBC0E031809217901118CBC010F27
:10CE6C0000B72007CD05CBEDB037C93E04C351CB7D
:10CE7C00FD2A7DBEF308D979D1C1E1E3C5D54F06B2
:10CE8C007F11361119E5D908FBC37FBEC3A6CFC3EA
:10CE9C00ADD2C3B3D2C35BD0C3ECD0C360D1C35C3F
:10CEAC00D1C32ED0C3CFD2C3B9D2C386D1C3CFD1B5
:10CEBC00C30AD6E5211000397EFE2E2804FE2B2055
:10CECC0007237EFE03CC18DD2AFABA7CFE4420052B
:10CEDC007DFE50280C2AFDFF22FCBA21504422FA78
:10CEEC00BA2AFCBA22FEBAE1C312B9CD12B9B728DC
:10CEFC0026FE072822C1D0C5D5E521030009477EAF
:10CF0C0023FE21280223235E2356EB110E00197EEB
:10CF1C0023B6782008E1D1FDE5D5C3BEC1ED525F43
:10CF2C001919ED5B7DBE722B73D5FDE3FD77FE21E8
:10CF3C0038CA2271BEC3F7DCF7DF67CEF301897FF5
:10CF4C00ED49C700C084CD6ECEC9E521060039FD80
:10CF5C007506FD7407E1C9CD6ECEF5FD7E08180788
:10CF6C00CD6ECEF5FD7E2CFEFF2812CD0DCFF1C976
:10CF7C00FD7E081803FD7E2CCD6ECE3CC83E0EB750
:10CF8C00180A3E04CDC1DCC60CF680BFFD6E06FD52
:10CF9C006607F9C93D3DC8C3A6CECDC6CE4623C350
:10CFAC00F0DCDD6E00DD6601DD23DD23C9AF180288
:10CFBC003E01CD6ACE1813CD6ACECD81E4CDBECE66
:10CFCC0005C2A6CE7ECD0CCBD641CD0DCFFD7700C4
:10CFDC00C9CD6ACECDB9CECDC6CE111000CDEADC0E
:10CFEC00D2A6CEFD7501C90A03E5D5C5F54F1EFFC6
:10CFFC00FD7E08B92808FD7E2CB928021E00D5C577
:10D00C00CDF0C4C1D17CB5CAA6CEFD7503FD7404A8
:10D01C00FD7305FD7102F1C1D1E1C9215000CD5163
:10D02C00CFE5114200193680E1C9219A00C5D5CD52
:10D03C0005CB3600237323722373237223E5C501BA
:10D04C004500EBCD15CBC16069D1D5010C00EDB01D
:10D05C00E1D1E50112000936162323237323722331
:10D06C0036FFE1C1C9E5210000540643E37E23E30A
:10D07C005F1910F8EBE1C9E5CD89CF732372E1C3D9
:10D08C00F0D4CD94CED5CD66DBCD0BCF21090009E4
:10D09C007E3C2808CD49D7D203D6181ECD9FD3CDC0
:10D0AC0049D73816CDAAD3CD49D7380ECDAED3CD6E
:10D0BC0049D7F5D49FD3F1D203D6D1CD3FCFE511CB
:10D0CC000800CDFECA0B0A12CD93D821E400CD0581
:10D0DC00CBCD89D4301FE5D5CD89CFCDF0DCCDEAD1
:10D0EC00DCD1E1200D115500CDFECA014500EDB09B
:10D0FC001803CD93D8E1E5111500195E23562323AF
:10D10C004E2346E1379FFD7E67C9CD99CED5CD61C3
:10D11C00DBCD0BCFD1CD4ECFE5CDA2D3CD6ED7602D
:10D12C00692B112C00CDFECA010D00EDB0011700CA
:10D13C00CD15CBE1379FC9E5D5C5CD6BD0C1D1E1BC
:10D14C00D0FE1A37C0B7C9CD7BCEFDE5D12150003A
:10D15C00197EFE02CAA1CE3601219500197E23B696
:10D16C0023B62836216800197E23B62BCCC2D07E7C
:10D17C0023B62826462B4E0B7123702195001906D9
:10D18C00037ED6017730032310F7215300195E2359
:10D19C0056EBE7EB13722B7337C93E0FB7C9E5D5C6
:10D1AC00E521510019CDF0DCE5011000CD40D13E58
:10D1BC001091470E00CB38CB19D1E171237001EAE5
:10D1CC00FF09732372D1E1C9CD7BCEE5215000CD8F
:10D1DC0005CB7EFE01CAA1CE3602114500195E2395
:10D1EC0056E1D5E5EB3E07CDE2DC444DE1CD40D137
:10D1FC00D1301E7BE67F2819F5E521E400CD05CB67
:10D20C00E5010100CD40D1E1D1C13005480600ED6A
:10D21C00B0216F00CD05CB379FC3F0DC1814CD893E
:10D22C00D4D0116700CDFECA1A1FDC49D31180007F
:10D23C00190B78B120E837C9CD5BD0D0E5D5F521F5
:10D24C005300CD05CB5E23561B722B73545D2142CC
:10D25C000019CDA2D8211500193420022334F1D1A4
:10D26C00E1C9CD84CEE5D5C5F5FDE5D1219A0019EE
:10D27C007EFE02CAA1CE360121B20019E5CDF0DC4A
:10D28C000100F809D5DC0FD2D1E13423200134217F
:10D29C00DF0019CDA2D8219D0019F14E23462B0297
:10D2AC003420022334C1D1E1379FC9CD84CEF5E5BA
:10D2BC00D5219A00CD05CB7EFE01CAA1CE36021136
:10D2CC00200019702B71C12B702B71112900197052
:10D2DC002B7111D3FF19712370C12371237011E6C7
:10D2EC00FF19712370F11115001977FDE5D121B6E5
:10D2FC0000197EB7281821B100197EE60FFE06280A
:10D30C000D212C0019D5EBCD9ED8CD74D8D121B2DE
:10D31C000019E55E235601E8FF09CDF0DCE5CD5B95
:10D32C00D2C1E13600233600232323360011E7FF58
:10D33C0019712370379FC9D53E07EBCDE2DCEB4268
:10D34C004BCD7FD2C179E67FC84F060011E400CDEA
:10D35C00FECAD5CD1BB93E1A12E1031827E511B14F
:10D36C0000CDFECA1A1F3013C511E400CDFECAD57C
:10D37C00018000CD1BB9E1C1CD49D3CDA6D4E111BB
:10D38C008000190B78B120D5C9CD7BCECD47CAFD15
:10D39C003608FF186ECD84CE112D00CDFECAAFCD50
:10D3AC0033D91B3EFF12CD1FC5185821DF00CD0508
:10D3BC00CB7E23B623B628DDCD84CECD0FD2112C57
:10D3CC0000CDFECAD5CD83D8019F00CDF6CA21125F
:10D3DC0000095E210900097E3C20167BE60E200523
:10D3EC00CDAAD3180CFE022005CDAED31803CD9FC9
:10D3FC00D360697BE60FFE06C49BCFC13EFF0203E0
:10D40C00CDD1D3379FC9FD6602FD3605001108004A
:10D41C00CD3AD3112C00CDFECA1ABCC03EFF12135C
:10D42C003E09C3C1DCE5C5E51101010681180EE317
:10D43C00E7E3AEDDAE00E37723E3DD23231520061F
:10D44C00160BDD2178D31D20051E0D2183D310DF93
:10D45C00E1C1E1C949B136F02E1E062A2819EAE2CB
:10D46C009DDB1A422939C6B3C690458A2020202458
:10D47C00242442414B42415342494EAF180E3E03C5
:10D48C00180A3E0618063E0918023E0CD5C6905FD7
:10D49C00CED393571807D511A800CDFECAE5C521E8
:10D4AC00090009010300EBEDB0C1E1D1C9210C0069
:10D4BC000936FF232336FFCD7BD7E5210000E3CDD2
:10D4CC009AD7E33028CDA6D3CDCFD830082601CDBE
:10D4DC00D0DA380124CDBAD3CDCFD830082E01CD37
:10D4EC00D0DA38012C7CB728D57DB728D1F17DB79F
:10D4FC0028433D28667CB7283C3D2845CD7BD7CDBD
:10D50C009AD7D0CD2CD418F7CDA6D3CDCFD8DAA1BD
:10D51C00D5CD48D4D8CDBAD3CDCFD8D0C5424BCDAC
:10D52C00A6D3180DCDA2D3CDCFD8D0C5424BCDBAF2
:10D53C00D3C1C371DACD7BD7CD9AD7D0CD35D41822
:10D54C00F7CD7BD7CD9AD7D0CD71D418F7CD48D4A1
:10D55C00D8CDBAD3CDCFD8DAA1D5C9CDBAD35059FD
:10D56C003E0AC3A8CEE5D5C5E5110800CDFECACD4F
:10D57C0007D53008EBE3CDDFDAD11848E1C1D1E1B2
:10D58C00B7C9E5D5C5E5112C00CDFECACDC0D7383D
:10D59C000B3E08C2A8CECD83D8CDF2D7CD26D80E5F
:10D5AC00003818D5EBCD8AD9EB3E08D2A8CE7378CB
:10D5BC00B728022372D1CD26D80E02EBE3CDEADADE
:10D5CC00D1CD74D8CD9ED8C1D1E137C9E5112C008D
:10D5DC00CDFECACD93D8CD07D5EBE10E00DAEADA51
:10D5EC00C3A6CECDC0D73812C0CDF2D7D5424B038F
:10D5FC00C5CDAAD8EBD1DCD6DCD1DC04D8DA26D860
:10D60C00C9CD6ACE0600B72806CDB9CECDBECECDDB
:10D61C009DDBCD0BCFCDC7DC3E0CCD69D565E5CD03
:10D62C007BD7CD90D7301ACDD6DA38F6E3C57CBD92
:10D63C00C4BBDCCC4FCBCDBFDC2D20016CC1E318BF
:10D64C00E1E1C368D6C60367D5E5CD69BB7AE1D104
:10D65C00C6042E002C9430FC2DC02E01C9CD6ACEF0
:10D66C00CDB9CECDBECECD84DBCD0BCFCD7BD7CD42
:10D67C0090D7306BCDA8D5CD90D738F8C9CDA8D5DB
:10D68C00D2AFCEC9CDD0DA3F3E0AD2C1DCAFCD335A
:10D69C00D93EE512C371DACD6ACECDB8CECDBECEB1
:10D6AC00CD52DBC5CDBECECD57DBE10ABEC2A6CE78
:10D6BC00CD0BCF23E5CD3CD7E1C5444DCD7BD7CDAC
:10D6CC0090D7301BCDD0DADA84D4E3E5C5010C0059
:10D6DC00EDB0C1E1E3CD71DACD90D738E7E1C950B7
:10D6EC00593E06C3A8CECD6ACED5DDE1010008CDEA
:10D6FC0015CBCD7DDBCD0BCFCDC7DCAFF5CD7BD73F
:10D70C00CD90D7300CCDD6DA38F6E3CDA2D6E338AF
:10D71C00EF3E11CD69D555F11E001C9230FC8220D4
:10D72C00011DDDE5E14B42E5CD72D6D5EB2600CDF2
:10D73C0032D719D110F2E1D5110E0019D10D2804F0
:10D74C00E7B720E2CDB9D93E03B737C351CBE7B722
:10D75C00C8E5D5C578BAC4BBDCCC4FCBEBCDBFDCB0
:10D76C00CDD0DA3E2A38023E20CD5ABB210C00190E
:10D77C00E75F23E7573E02CD51CBC1D1E1C9C54C80
:10D78C000600DDE5E1E7B7285004CD1BD7280F30A4
:10D79C0026D5110E0019D178FE9238E91856E5CD30
:10D7AC00E9D9E3110C0019E75F23E7572BE319EBD9
:10D7BC00E173237237183D79FE922838E5D5C5EB15
:10D7CC0079903C6F2600CD32D7444D192BEB210EAE
:10D7DC000019EBCD1EB9C1D1E10CC5D536FF231311
:10D7EC00EB010B00CD1BB9EBE3EBCDE9D9EBE1730E
:10D7FC002372C13761C1C9E5D5C5060B13231AE6DF
:10D80C007F4FE7E67FB9200210F2C1D1E1C9D554B0
:10D81C005D2919291929D1C9CD7BD7CD90D73025B0
:10D82C003E05C3A8CECD7BD7CD90D73018E52109C6
:10D83C0000CD05CBEBCDD6DCE1FD7E05B737C0CDF9
:10D84C009AD738FB37FD3605FFC9CD7BD7CD90D79E
:10D85C0030F3CDA1D518F6C5CD1FC5C121FFFFFDF5
:10D86C007E05B7C0E5CD0BD9E1C39FDACD9AD7D0F1
:10D87C00CDCFD830F7C923FD7E05B72011CD13DAF3
:10D88C00D01AFEE537C8CD9FDA3EFFC333D9CDAFF2
:10D89C00DAD0C313DA21210019C3F0DC21230019DB
:10D8AC007EB7C0CDB9D77C1F1F1F1FE60F47297C41
:10D8BC00E61F4FC5210F00197EA8200F3E04CD4B4B
:10D8CC00DB2F472B2B7EA9A0200137C19FC9210D2F
:10D8DC0000197123237023EB011100CD15CBEBC97B
:10D8EC00D5CDB9D77CE60F67E5211000194E06009F
:10D8FC002B2B2B6668CB3CCB1D09D113CDEADC3F1F
:10D90C00D1C9CDB9D73E03CD4BDBA54F3E02CD4B94
:10D91C00DBCDE2DC3E06CD4BDB47B77D2111001998
:10D92C00280EE60787856F8C9567E5CDF0DC180B24
:10D93C00E60F856F8C9567E56E26007CB5280FF198
:10D94C003E02CD4BDB293D20FC79B56F37C9E1C9CF
:10D95C00211000197E34B7F036012B2B2B34C9D58E
:10D96C00D5CDB2D8E323CDD6DCE1CD71DAD1C92146
:10D97C00210019AF7723772377C92121001934C0EF
:10D98C002334C02334C9CD7BD7CD90D7181121FFB8
:10D99C00FF23CD13DA3E07D2A8CE1AFEE520F2F50E
:10D9AC00FD7E05B73E09CAAFCEF1C9C5D5E56069A4
:10D9BC001AAE202D2313060B7EFE3F28061AAEE668
:10D9CC007F201E231310F17E3C280C3E04CD4BDB34
:10D9DC002F471AAEA0200A231323137E3C28021AC9
:10D9EC00AEE1D1C1C037C93E05CD3CDB3E03CDE233
:10D9FC00DC23EB3E0ECD36DB3600231B7AB320F84E
:10DA0C003E09CD3CDBEB3E0ECD36DB732372C9E514
:10DA1C00D5C54F2110001906105E233E06CD4BDBF9
:10DA2C00B72803057E2357B3280EE53E05CD3CDB16
:10DA3C007D937C9AD463D9E110DFC1D1E137C9C59C
:10DA4C00D5D5EB3E03CDE2DCEB3E0ECD36DB19D16A
:10DA5C007BE6075F3E011C0F1D20FC47A14F782F72
:10DA6C00A6B177D1C1C9C5D53E05CD3CDBEB3E0E89
:10DA7C00CD36DB0180087EA1280C0F4F7AB328121B
:10DA8C001B10F32318ED7EB1773E05CD3CDBB7EDD3
:10DA9C005237D1C1C9C5E5210000E53E05CD3CDBBF
:10DAAC00EB3E0ECD36DB0180087EA12003E323E3A1
:10DABC00790F4F7AB328061B10EF2318E9E1CD0735
:10DACC00DAEBE1C1C9D5211000191100103E06CDC9
:10DADC004BDBB77E232803B61523B728011C152072
:10DAEC00ECEBD13E02CD4BDB3D3D3DC82918FBE5AF
:10DAFC00C57DE6032011EB3E07CD3CDBCDEADC3FD8
:10DB0C00EB3015CD3FDAAF473E08CD36DB112000A8
:10DB1C000418011910FDEB37C1E1C93E02CDE2DC5E
:10DB2C00EB3E08CD36DBCDDFDA3E0BCD3CDBEBCD6F
:10DB3C00EADCEBD03E0CCD36DB19CDBFDABEC8F536
:10DB4C00EB2929CDAFDAEBD1DA2AD372C9E5C53E80
:10DB5C0002CDE2DCEB3E08CD36DB0E01CDEADA3E3F
:10DB6C000BCD3CDBEBCDEADCEB300A3E0CCD36DBEF
:10DB7C0019CDBFDA77C1E1CDAFDAD8D5E5EB133EDD
:10DB8C0002CD2CDB732372E1D137C9D5E53E02CD32
:10DB9C002CDB5E2356E1CDEADCD1C9C5E506803E1F
:10DBAC0008CD36DBAF862310FCE1C1C9E5210900A5
:10DBBC001804E5210A00197E87E1C9C5D5E5CDFD1C
:10DBCC00DACD4CC5180BC5D5E5C5CDFDDAC1CD2ECA
:10DBDC00C5B7C2ADCEE1D1C1C9D5444DCD1AC5D161
:10DBEC003E0DCD3CDB444DAFCD3CDB0B037B955F59
:10DBFC007A9C5730F719E5CD24C5C1AFCD36DBEB98
:10DC0C00CD5AC54D44C329C5FD86036FFD8E0495C1
:10DC1C0067C9CD2CDBC3F0DCF53E0ACD36DBF185D4
:10DC2C006F8C9567C3F0DCE5CD3CDB7DE1C911E47D
:10DC3C0000180311F4000E20CD6BDB182BCD66DB26
:10DC4C0018260EFF11E400CD97DBC5160B03030A53
:10DC5C00FE3F28691520F7C1C90600CD9DDB1808C9
:10DC6C000E2011E400CD97DB210D000936FF232394
:10DC7C0036FFC9CDADDB2845C90E2011E400CDAD72
:10DC8C00DBC50E0BCC85DCC1C9E5CDFECAD5FD7E4E
:10DC9C00001213FD7E011213C5410E08CD7CDC78F9
:10DCAC000E03CD87DC010300CD15CBC1D1E1D5CD61
:10DCBC00E4DBD13008424B13131AFE20C9C3A6CEA5
:10DCCC002BCD8EDC3FD84FE5C5FE3A2806CD9CDC2B
:10DCDC0038F737C1E179383E13FE30381FFE3A3041
:10DCEC001BD6304F12CD9CDCFE303810FE3A300C77
:10DCFC00B70DC0C6DAFE10D012CD9CDC1BFE513025
:10DD0C000AFE413806D64112CD9CDCCD92DCEE3AAF
:10DD1C00C0CD8EDC3FD81313FE2EC80E08CD4FDCC1
:10DD2C00D8EE2EC0CD8EDC0E03302DFE203829E52A
:10DD3C00C54721A9DC7E23B72804B820F83778C161
:10DD4C00E138150DF8FE2ACC85DC1213CD9CDC30A5
:10DD5C0007FE2020D6CD92DCF53E20CD87DCF13FAE
:10DD6C00C93E3F0C0DC8121318FACD9CDCD0FE2016
:10DD7C0037C0CD9CDC38F7C978B7C82305E7E67FF8
:10DD8C00CD0CCB37C93C3E2E2C3B3A3D5B5D5F2521
:10DD9C007C28292F5C7F003E0118023E0BC5FD4EEE
:10DDAC0002180AC50A5F16000B0A4F3E0CCD51CB68
:10DDBC00C1C9E5D5C5012000EDB0C1D1E1C9CB3C4D
:10DDCC00CB1D3D20F9C9E5B7ED52E1C9D55E23560F
:10DDDC00EBD1C93273BE218B01CD05CB36942336E2
:10DDEC00CD237721D4C5CD06C7E5CDD7CDE1FDE157
:10DDFC00E1D1B7C9CD6EDD20C656312E322BB00D18
:10DE0C000A0AFFC9C62D2056657273696F6E2031E0
:10DE1C002E322B20B0202050726F6772616D206201
:10DE2C007920526963686172642057696C736F6EF4
:10DE3C002EFFCD06B9210000C37700CD6EDD1A0090
:10DE4C004F18180E010F000C20FFE1CD73DDE9DD3A
:10DE5C00E5DD215ABBCD98DDDDE1C9E5DD2110DE24
:10DE6C001806DDE5DD21F8DDCD06B9CD98DDCD094F
:10DE7C00B9DDE1C97E23FEA5384AFEFFC8FEFE20AF
:10DE8C000CC5792F4F7E23CDD4E2C118E7FEE930C3
:10DE9C0017E521E6E2D6A52809473EFFBE2320FC64
:10DEAC0010FACD98DDE118CC20023EC9ED44477E36
:10DEBC0023B720051310FD18BBC5F5CDD4E2F1C175
:10DECC0010F718B0CDD4E218ABF5CD06B9F1CDF8FA
:10DEDC00DDC309B9E526076F29292906087E2CA977
:10DEEC00127A805730F7C6C057E113C9E526076F81
:10DEFC002929290608D57E2F127A80577E2F122CBD
:10DF0C007A80300B7BFE503009C6505F7ACEC857F2
:10DF1C0018E4D1E113C97BC5D55F01F00F3AFEBA05
:10DF2C00571F384A78CDC2CAA1FE902804FE702033
:10DF3C000305CBC9FE802820B72004CB52282BFE2A
:10DF4C00102006CB5A2823180FCB4A200DFE402850
:10DF5C0007FEC02803B72002060CFE20280CFE503A
:10DF6C00280AFEA02806FE302004CBC9CBC1CD9ACE
:10DF7C00DEA0B1D1C1C97BB73AFFBA20041F1F1F65
:10DF8C001FCB4FC8E607C9CB652018CB550103E062
:10DF9C00201B0126E0182C0130E0CB5D282501BDAB
:10DFAC00CA1820CB550121E0281901F9DFCB4D28E7
:10DFBC0012CD9ADEE603280B210500FE0328012969
:10DFCC0009444DAFCDC9CAD51E000A0357878777C0
:10DFDC002373230AE60F77CB9E2387F60777230A52
:10DFEC0003E6E017171777230A0377F5237B1777D8
:10DFFC00230A0F0FE6C03D772373230A03E6F0775D
:10E00C002373230A87878787E670772373237A071E
:10E01C0007E603772373230A4377237AE63F7723B4
:10E02C0011522AFE0928071E5038031110097223B9
:10E03C00732336E5233602233604F1E33804FEB8A5
:10E04C00380C7DB71100BE281111B00418097D11D0
:10E05C00B901B728021EF9CDFECA211E02B728024B
:10E06C002E2ECD05CB732372E137C9CD3BDEC547D0
:10E07C00CB407B280ACB422802CBD7C1C388C978B6
:10E08C00E604B318F6E1D5E5CDC9CACD3ADE1F30AA
:10E09C0002CB3ACB57C8CB22C9CD3ADEC547CB40D1
:10E0AC007A28D8CB3F18D4CD3ADEE60128CE7AE6D2
:10E0BC000118C9E5CBC5CB84CBA422FEBA215DC522
:10E0CC00CD29C7F5214CBECB7628042E5136F1F163
:10E0DC00E122FEBAC94903AEC101492464F40148E6
:10E0EC00039BC10148CD9E820148449DC201090396
:10E0FC00B3C1C109CDB382C10944B3C2C189CDB08A
:10E10C008201092467C201092467F4210A248FC201
:10E11C00110A248FF4310A04C7C2510A04C7C27110
:10E12C000A44C7C2910A44C7C2A1080301C1F1FD48
:10E13C007E003C3A78BEC0F1F1C5E5D5F5CD69BBA2
:10E14C002200BFED5302BFCD78BB2205BFCD93BBE0
:10E15C003204BFF1F5FE12212CC301FF1C20042E4A
:10E16C002906222207BFC5E50404783209BF3EF810
:10E17C00CDD500D1C1CD09E13E03CD00E1CDF9E013
:10E18C003E1BCB080590673E1B80572E0B1E0DCDFA
:10E19C0066BBAFCD90BB3E01CD96BBF1D1E1C14B7F
:10E1AC00CD1ECBF5E5D5C52A07BF3A09BF473EFBC7
:10E1BC00CDD5002A00BFED5B02BFCD66BB3A04BFD4
:10E1CC0047CD90BB78EE01CD96BB2A05BFCD75BB74
:10E1DC00C1D1E1F1C921999A3E931820F5CD1CE1EA
:10E1EC00F13D20F8C9219C9A3E9618103E04CD00B2
:10E1FC00E1219D9A3E9718042195207DD5C5CDED42
:10E20C00DDCD06B9C1C5CBB8C57CCDF8DDC110F8E4
:10E21C007DCDF8DDC1D1215000CB78280321B0FF92
:10E22C0019EBC309B92AEEBE18032ADDBE7CB5C0B2
:10E23C00E1C9CD4EE13AE6BECDDAE13AE7BE4F8711
:10E24C00878781874F0901F1C00922EABE010112BB
:10E25C003EF0C3DA007BBCC83E20CDEDDD18F6CB1A
:10E26C003CCB1DCB3CCB1D180E210116F5CD75BB3F
:10E27C00F11191C76F2600DD21FF20180FDD26203C
:10E28C00011027CDC1E101E803CDC1E1016400CD4E
:10E29C00C1E1010A00CDC1E17DC63018143E30B792
:10E2AC00ED4238063CDD263018F509FE302002DD43
:10E2BC007CDD4DC3EDDD8787876F4F260044292910
:10E2CC000929C95F3E02CDC2CAD602293D20FC3EB7
:10E2DC0010CDC2CAD54F110000423E10F529CB1308
:10E2EC00CB12EBCD40E23804ED42CBC3EBF13D2039
:10E2FC00EB63D13AFDBE856F3AA6BE8467C93AA1DD
:10E30C00006F3AA400BDC02A9F00ED4BA200180C70
:10E31C003A9E002A9C00B7C9CD34E2C07C90C07DE7
:10E32C0091C9E5C5CD8DE2ED539F0032A100CD34EE
:10E33C00E2C1C509CE00CD84E2C1E11160A3EBEDD1
:10E34C00B0EBC9EDB0C9C5C51160A3EDB0E1CD9E70
:10E35C00E2ED53A20032A400C1CD34E2ED42DE0066
:10E36C00229C00329E00C3E6FE6069E5ED5B9F00D7
:10E37C00193AA100DD2162E2180DE5ED5BA200194E
:10E38C003AA400DD2167E2010080B8200206A3B7A1
:10E39C00ED42301EC12160A3E5C526BE6F067F4E3F
:10E3AC00ED49C178B17DE1C4D4E201C07FED49C92A
:10E3BC00DDE9E36069ED52444DCDB9E216403CC154
:10E3CC0018D6FE41747472696275746573FD20FE13
:10E3DC00436F7079FD20FE45BFFD20FF2020FE54C9
:10E3EC006167FD20FE556E2D746167FF73657220A9
:10E3FC006E756D626572C0FF546F74616C20FF6541
:10E40C006E747269657320FF73706163652020FF01
:10E41C00616767656420FF6275666665722020FF20
:10E42C007269766520FF6F726D6174FF6572696643
:10E43C0079FF20A4323031352042697457697365F5
:10E44C002053797374656D732EFF656164206F6E54
:10E45C006C79FF5573656420FF4672656520FF6912
:10E46C006C6573FF69736320FF64B5FFB6CBFF2047
:10E47C00CBFF72726F72FF7265737320616E7920BD
:10E48C006B6579FFD8747261636BC0FF3A202030E2
:10E49C004BFF656E616D6520FF69726563746F7209
:10E4AC007920FF72617365FF203A20FFDC4F6BFD12
:10E4BC0020FF524F4D444F532044FF535953544562
:10E4CC004D20FF4441544120FF49424D20FF5061F3
:10E4DC007261444F5320FF2853CCFF2844CCFF28B3
:10E4EC0053CDFF2844CDFF746F20FF5320343029C7
:10E4FC00FF5320383029FF736574757020FF6F6EE1
:10E50C0066696775726520FF554C545241464F52EF
:10E51C004DFF6F7274656429FF28592F4E29C0FF77
:10E52C0020616E6F7468657220B6FF564F52544569
:10E53C005820FF50435720FF46AE73FF61636B7545
:10E54C0070FF696E6720FF52656164FF57726974D2
:10E55C00FF496E7365727420FF202D20FFB7C2B97E
:10E56C00CE2150E811C400013C00EDB0CD12B92110
:10E57C00C500772BC316BD79FEC138010CCBD1C0B9
:10E58C000EC0C9FD2100ACFD3600FF2100401180FA
:10E59C00BE01C07FDD216200ED4975CD9BE420F802
:10E5AC00ED497EB7200E2F77791213DD7D84DD6F58
:10E5BC003002DD24CD9BE420E7AF12ED495FDD7C1A
:10E5CC00DD55ED539900329B0021EFFE11A8BE01E1
:10E5DC002900EDB0CD6EDD04021D0D0D1CFD201CBF
:10E5EC00010D0D0E010F001A004F00010C1A004F07
:10E5FC0018180CFF1102C02128DD0EFFCD7FDD3174
:10E60C0000C0CD1EF8AF676F22DDBE22EEBE3D32DC
:10E61C00A8BE4F11A0C0CDB8E996E99A9EEA9A9C83
:10E62C00FF0614C5CDB8E995E90095EA2095FFC120
:10E63C0010F1CDB8E993E99A9BEA9A99FF0C11294C
:10E64C00C1CDB8E9FB20496E66AE696F6EFA20FF4A
:10E65C000D1EC9CDB8E944ADC0FF1119C2CDB8E942
:10E66C0046AEC0FF1E69CDB8E955736572FD203A00
:10E67C00FF1EB9CDB8E946B420C0FF1159C3CDB8BF
:10E68C00E94E6F2E206F662066B420C0FF1EA9CD08
:10E69C00B8E9B2A9C0FF1EF9CDB8E9A8A93AFF1193
:10E6AC0099C4CDB8E9B3AA2020BCFF1EE9CDB8E9C6
:10E6BC00B2AA2020BCFF1139C5CDB8E9A8AA20BC4C
:10E6CC00FF1ED9CDB8E954AB66B420C0FF1129C6E2
:10E6DC00CDB8E954ABAABCFF1EC9CDB8E9B3AC2088
:10E6EC00BCFF1119C7CDB8E9A8ACBCFF2601CDBF42
:10E6FC00FE21FEBACB867D32A2BECD19E7CD56E106
:10E70C003E17CD1EBB21A0E93E0220103E15CD1EAA
:10E71C00BB2170E93E012004211AE9AFE5CDEEE8FA
:10E72C00E1CD1BBB30DACD0CCB477E23B72816B816
:10E73C002804232318F4CD08E75E2356EBCD1E00E6
:10E74C003100C018ACAFCD1EBB20593E02CD1EBB54
:10E75C0028AECDFDE6011302CDE8E8202FCD49E827
:10E76C00013C0009CDE4E83838CDF0E61F01150A6C
:10E77C0018FF21E1BE34CD49E811E1C6C6136FCDB7
:10E78C00FEE713CDFEE713CDFEE718157ABC200487
:10E79C007DBB280D7D3C6FFE1420032E002422E649
:10E7AC00BEC321E6CDFDE67CB5201721E1BE7EB7C8
:10E7BC0028EF35CDF0E60B0A18FFCD49E811F1C072
:10E7CC0018BC7D2DB720D72E132518D2CD6EDD1A8F
:10E7DC000137031618FFC36EDDCD56E12AE6BEEDF8
:10E7EC005BE8BEC9E5CD56E1E1AFC9CD50FECDC366
:10E7FC00E938F54FC90EFF1171C23AA9BEB7280905
:10E80C00CDB8E9416C6CFF18063AAABECD98E1115F
:10E81C00C1C221B6BECD86DD11D1C13AA8BE3CC85D
:10E82C00C640CDEDDDCDB8E93A2028FF3ACCBEB7D5
:10E83C00280BCDB8E9556E2D73D1FF1808CDB8E96A
:10E84C0053D1FD20FF1121C22AA3BECD86DD262F78
:10E85C00CD79E11168C32ADBBECD9BE111B8C32A87
:10E86C00D9BECD9BE11108C43AD3BE6F260023CD8F
:10E87C009BE12AE2BEE5ED5BE4BEB7ED5211A8C404
:10E88C00CD9BE1E11148C5CD9BE12AE4BE11F8C452
:10E89C00CD9BE1CD37E8FDE5FD21FF0011F1C0CDA9
:10E8AC0049E8CDE4E8381DE5CD1AE8FD2CFD7DFEE8
:10E8BC00142005FD24FD2E00CD97E83804E1231823
:10E8CC00E1E1180FD50E00CDB8E9EF20FFD1CD97BF
:10E8DC00E830F1FD22E8BEFDE1C9E5CD1AE82111D1
:10E8EC000019EBE17DC6146FC9CDE9E9C1E5C56E30
:10E8FC00DD2EFFAF1807DD2E006E26A97ED5F5CDD7
:10E90C00B7FBCDAFE8F1E6403E2028023E2ACDED24
:10E91C00DDD1C911E8C52AEEBECD9BE11138C62A5E
:10E92C00ECBEC39BE13AE1BE6F26AAC90E07C560D7
:10E93C00CDCEBCC1CD0FB9C3A7E4CF00C00E05111D
:10E94C0060A332D300C5E5480600CDD200E1CD8CE2
:10E95C00E8C130F10D20EEC9417E2F772310FAC9A2
:10E96C00EDB0C9EBEDB0EBC97CC60867D00150C067
:10E97C000937C9215000190130C7CDE8E8300A0128
:10E98C00D2F9090120C1CDE8E8EBC9E56E2600DD1E
:10E99C002620CDB0E13E3ACDEDDDE1230608CDCC0D
:10E9AC00E83E2ECDEDDD06037E23C5CB7F28020E7F
:10E9BC00FFE67FCDEDDDC110EFC9ED4BDFBE1804D6
:10E9CC00ED4BDDBE7894C07995C921A2BEBEC87747
:10E9DC00B7203CCDD5EE4D41494EFFCDB3E9A5FE58
:10E9EC0046B4706563FD20FE4D6F7665FD20FE52CA
:10E9FC00BDA62020FFC9410FEA43ABEE450AEF4606
:10EA0C00F4EF4D37EF525BF05419F15514F1003D12
:10EA1C002050CDD5EE5348494654FFCDB3E9FE42C4
:10EA2C00D7FD20FE43CF2020FE46AEFD20FE4C6FCE
:10EA3C006720B62020FE536F7274FD20FE556E2D9C
:10EA4C006C6F6720B62020FE56AFFFC94202F2431E
:10EA5C00B5F2467AF54C5DF85396FA5523E556D146
:10EA6C00FB00CDD5EE434F4E54524F4CFFCDB3E986
:10EA7C00A5FE4D6F766520A6ED20FFC90128EA039F
:10EA8C00C0EE0521EF0D4CEF1435FD154DFD00CDFD
:10EA9C00B8E9C0FFE3CD86DDE3C9CD18BB180BCDBB
:10EAAC008ABBCD18BBF5CD8ABBF1CD0CCBFEFB3FA1
:10EABC00C9CDC3E9DA64E6FE4138F6FE4330F2CD47
:10EACC005ABBD641C92AE6BE7C8787848787856F67
:10EADC003AE1BE856F26AAC90100012100ABEDB158
:10EAEC002BC9CDD2EE53657420FFC9CD4EE1CD06B6
:10EAFC00EACD0DE81E95CD9CEF22F3BEE1D8CDC337
:10EB0C00F1C3E6F9CD49E1CD06EACDFDEECD9CEFA2
:10EB1C00D822F3BECDE7F1C3E6F9E56BCDB7FBED3B
:10EB2C004BF3BE7D816F7EE67FB077E1C922A900F1
:10EB3C00E56BCDB7FB229700E5CDC7F83AF2BEB72F
:10EB4C00200ACDDBEB211000229200AF2AA7007720
:10EB5C007C32F2BE2424229000AF329400010500D6
:10EB6C00CDD4EBDDE13AD7BEDDA60C57AFCB3A1FC7
:10EB7C00DD860F5F300114B2CA0CEBD52AA7002E2C
:10EB8C0004722B732BED5BA900722B732B01050008
:10EB9C00CD6AE2C1C5018000C5CDD4EB2A90003A04
:10EBAC00A800C602942032B5202F3A9400B7202634
:10EBBC002A9700ED4B9200095E230C503AD6BEB753
:10EBCC002802560C79E6DFF610329200EB3AA8BE1A
:10EBDC00CDE7E1229500CD0EEBC1CD4DEB09229096
:10EBEC0000C10B78B1C2B8EAE1C92A9500E54C55D1
:10EBFC002AA7002290003AA8BE5FCD66C6C1219418
:10EC0C0000CD58EBED439500C308FDE53AFFBE5F20
:10EC1C00554C21B0AE22B300CD4EC6C121B700CDAC
:10EC2C0058EBED43BE00C308FDC52A9000E5CD6A44
:10EC3C00E2E1C1C904CD42F93AA7BE20083ECA0C94
:10EC4C000D28023E7BB820053AA6BE470C3AD8BE2A
:10EC5C001F1FE60F34A677C93AFFBE5F3AA8BEBBAA
:10EC6C00C9CD7CEB21AB00BE380635CD96EB37C950
:10EC7C00ABC0D5CDD2EEDB64657374696E6174691B
:10EC8C006F6E20B6FF1B3AFFBECDCAEBCA1EFDD17C
:10EC9C00C9CD7CEBC0CDD2EEDB736F757263652092
:10ECAC00B6FF1B3AA8BECDFAF7F5CD5FDDFFF1C973
:10ECBC00CD3CE2D0CDFDEBCDD5EED9D8FF2AA900C5
:10ECCC001809CDD5EEDAD8FF2AAF00CD13E8210113
:10ECDC001BC375BB3E0132C000CD85EB30157BCD1F
:10ECEC001AF9CD89F92AA500CDF3F922AC00CDBFD4
:10ECFC00F81803CDE8F82AB1007CB52806CDE6EB70
:10ED0C00C3C4ECCD22E2CAA5ED01050021AE00CDB5
:10ED1C0046E2CDE6EB3AAE00B728093AC300B72875
:10ED2C0054C3C4EC21100022B5006C22B70022B9E8
:10ED3C00002AAF006ECDB7FB22BA00EB2AA500CD9E
:10ED4C00E5F02031C5D5E5CDC0F0CD6EDDDC4F76DC
:10ED5C0065727772697465FFCDDDEFDA1EFDCDCD7E
:10ED6C00EBE1D1C1D65932B800202F36E5CDF4F005
:10ED7C0028F9CDE6EBCD09EE7CB5CA5EED32C200CA
:10ED8C0032C30022BC00EB2ABA00010C00EDB03AF1
:10ED9C00B900121C011300CD15CB21B0AE22B3006B
:10EDAC002AB1007CB5CA27ECCD22E2CAA5ED2AB364
:10EDBC0000018000CD46E2EB2AB1002B22B1003AD3
:10EDCC00B800B720DBED53B3007CB521B0B02805FB
:10EDDC00CDEADC20392ABE003AB700B7202DCDEAA7
:10EDEC00EDDA63ED2ABC00ED4BB5000973230C3A48
:10EDFC00D6BEB7280372230C79E6DFF61032B500C5
:10EE0C00D5CD5AEEE13AFFBECDE7E1CD2FEBDD2AB1
:10EE1C00BC00DD340FF2C4EC21B900343AD7BEA6E5
:10EE2C00200E2AB1007CB5C299EC32C300C327EC8A
:10EE3C00DD360F00DD340CC3C4ECCD68EDBEFFCD68
:10EE4C0068EDB5FFED5BBA002AA500CDE5F0200713
:10EE5C0036E5CDF4F028F9CDD2EE44ADFF3AFFBE45
:10EE6C00C641CDEDDDCDB8E93A2064FFE1CD86DDBC
:10EE7C00CDB8E966756C6CFFD53E0132C00032C16D
:10EE8C00002AAC00CDC2FE3AC000B7CADEED3AC2D1
:10EE9C0000B72809CDE8F82AA500CDEDF93AC10054
:10EEAC00B7280DD10EFFCDB8E9DC50BAFFCD18BB99
:10EEBC002164E6E52AA700CDC2FECDB5EBCA1EFD46
:10EECC00CDF4F8C385F92100A306603EFFBE2003F4
:10EEDC002310FA7E26002929292D2C1738FCEB2A21
:10EEEC00D5BEC3EADC1101A3015F00CD15CB3AFFFF
:10EEFC00BE5F3E09CDC2CA3200A3DD2AAC002100A0
:10EF0C00003AD3BE3C4711E0FFDD19DD7E00FEE583
:10EF1C00281EC5DDE5E3011000095E233AD6BEB715
:10EF2C0028027E2357CD5AEECB6520EEE1C11803A3
:10EF3C00DDE5E110D1C9E5CD03EEE1D87BE6073C78
:10EF4C0047CB3ACB1BCB3BCB3B16A33E010F10FD63
:10EF5C00EBB677EBC9CD9BEECDCDEB010020CDB45C
:10EF6C00FEAF32AB0032C00032C10032C200676F5C
:10EF7C0022B1001151EAC9CDB8E9B864AD3A20FF0D
:10EF8C00CDD5E932FFBEC9CD4EE1CDDDEECD0DE8DC
:10EF9C001E96CD79EEE1CDC3F1C3F8EBCD49E1CDB1
:10EFAC00DDEECDFDEECD79EECDE7F1C3F8EBCDCDB9
:10EFBC00EB0EFF1181C7C3B8E9CD5FDD1F2301FF45
:10EFCC00CDD5EE436F707920FFC9CD5FDD1F1801E1
:10EFDC00FFCDD5EE45BF20FFC9CDB8E9616C6C20E3
:10EFEC0074AB66B4FFC9CD4EE1CDEEEECD0DE8CDE0
:10EFFC00DDEFE1C0CDC3F1CDE6F9C39FFACD49E118
:10F00C00CDEEEECDFDEECDDDEFC0CDE7F1CDE6F9E9
:10F01C00C331FACD4EE1CD5EEFCD0DE81E96CD6835
:10F02C00EFE1C8CDC3F118E5CD49E1CD5EEFCDFDE3
:10F03C00EECD68EFC8CDE7F118D3CDD2EE4D6F769B
:10F04C006520FFC9CDB8E9B875A7FF210129DD21DD
:10F05C00C7BECD6EFDFEF328F9FEFCC878B7C821FB
:10F06C00C7BECD45F032F5BE1191EFB2C9E56BCDFF
:10F07C00B7FB3AF5BE77E1C9CDB8E9B83A20FE52F4
:10F08C00B12020726561642FFE577269746520206F
:10F09C00FE44BE20FE53797374656DFFCDBEE9D876
:10F0AC00113EEA210980FE52C82600FE57C82CFEEC
:10F0BC0044C82680FE5320E4C9CD6EDDDCD2FFCDE2
:10F0CC00C3E9D81151F1FE5928033E4EB7C35ABBC0
:10F0DC00CD5FDD55A7FF21C3BECD73DDCD6EDD1F2A
:10F0EC00190146B4706563C0FF210124CDB8FDFE43
:10F0FC00F2200E210110CD6AFDFEF37832CBBE2832
:10F10C00E83ACBBEB73E0128013D32A9BE21C3BEB1
:10F11C00CD45F032AABECD5CFE3AA8BE3CC8C39F1A
:10F12C00FA0100037EFE20280C798787818786D61A
:10F13C00304F2310EF79C9CD4EE1CDD2EE52BDFF49
:10F14C00CD0DE81E98CDB8E9B83AFF214900060C60
:10F15C0036202C10FB36FF21011FDD214900CDBDCF
:10F16C00FDFEFC280278B7CA9AEF213D0011490038
:10F17C00CD62FEE1E56ECDB7FB7E323C00CDDFF01B
:10F18C00E12010213C00CDC0F0CD6EDDDC50BAFF8B
:10F19C00C318BB11FDF0CDC3F1C331EFE5CDD2EEF9
:10F1AC0046696C6520FFE1DD2EFFCDAFE8CD6EDD4D
:10F1BC001F1801657869737473FFC9113C00210035
:10F1CC00013AD3BE3C47C5060BCD7EFA2003C1C91C
:10F1DC00C501200009C110EEC9E56BCDB7FB2306B4
:10F1EC000B113D00EB1AE680B6122C1310F7E1C997
:10F1FC001198F118031138F1CD4EE1CDE9E9E5CDC7
:10F20C00C3F1E1ED5BEABECDFEE7CD37E8E1CD0021
:10F21C00E7C379E6CB77C0E5F64012CDACF109CB6C
:10F22C0047280113ED53EEBE22ECBEE1C93AF2BE03
:10F23C00B7C0E56BCDB7FBE5DDE1DDCB097E283052
:10F24C001AE601282BE1E5D5DDE5E5CD5FDD1F14E0
:10F25C000169732072B12E2045BFFFE11181C7CD2A
:10F26C0013E8CDDDEFE1D128073E0132F2BEE1C952
:10F27C0036E5E11ACB77C8E5E6BF12CDACF1B7EDB8
:10F28C0042CB47289F1B189CF56BCDB7FBE5DDE106
:10F29C00CD99FB4F0600ED5BEEBE2AECBEF1C9ED3D
:10F2AC0053D1BE7ECDFCE95E16A9AF32F2BE1ACDAB
:10F2BC00D0BE23CDDEE8D85E16A91ACB47C0CDD080
:10F2CC00BE18EFED53D1BE2100AACDE4E8D8E55E1F
:10F2DC0016A91AE641FE41CCC7F1E12318EC3AA875
:10F2EC00BE3CC8CD5FDD1F1401FFCDD5EE42D7FF6C
:10F2FC00CD9BEE0C412AA4BE6922950022BE00CD06
:10F30C0082EECDC7F8CD63F77A32A900CD5BF7CD8D
:10F31C00C5F7CD5DF2DAF4F8CDD5EED9BBFF3A9551
:10F32C0000CD8DE1010002C5CD66F2CD0EEBC1CD55
:10F33C004DEBCD5DF230E7180D3A9500573AA90028
:10F34C00BAC9CD3CE2D0CD85EBD5CDD5EEDABBFF3D
:10F35C00CD22E220112AA500CDC2FECDB5EBCA1EEE
:10F36C00FD31FEBF18AC3ABE00CD8DE1D1D52ABE21
:10F37C0000E53A02A3BC200A55CDD9F7CD63F7CDF1
:10F38C00C5F721B0AE010002CD46E2E1CD2FEB185E
:10F39C00BFCDD2EE43CF3A20FE44ADCE2020FE4668
:10F3AC00AE20CEFFCDBEE9D8FE44CAF6F3FE462011
:10F3BC00F3CDCDEB11D4C201FF1ACD09E1CD1CE187
:10F3CC00CD15E1CD10E13E02CD12E1CD1CE1CDF920
:10F3DC00E01145C6CDB8E94F6BFF3E0332FCBECD04
:10F3EC005CF3CD35F3CDBEE9F5CD35F3F10603CDA8
:10F3FC0082F428EE21FEBA0E02B7280D0E083D202D
:10F40C00080E04CB5628020E147EA9772D2D7718E2
:10F41C00CE01011A3AFCBEB72812FE0320043E0AA4
:10F42C00180A870E04B920040E023E07C5CDDAE196
:10F43C00C11125C319C374E10EFF1125C3CDB8E961
:10F44C00454C454354524F20D6FF3AFEBA67E6026C
:10F45C00CDD8F31155C5CDB8E9C23130FB20FFCB67
:10F46C005CCDD5F31EA5CDB8E9D0FA20FFCB5CCD91
:10F47C00D8F311C5C3CDB8E9C231FA20FF7CE6142C
:10F48C0067CDD5F31115C4CDB8E9C5D6FC20FF7CEA
:10F49C00FE04CDD5F31E65CDB8E9D4F820FF7CFE73
:10F4AC0010CDD5F31EB5CDB8E9D5D6FC20FF7CFE2A
:10F4BC00142803AF280ECDB8E9C0456E61626C65A7
:10F4CC006420FFC9CDB8E9C044697361626C65649E
:10F4DC00FFC9CDCDEB11D4C201FF15CD09E1CD1083
:10F4EC00E1CD10E1CD1CE1CDF9E01145C6CDB8E977
:10F4FC004F6BFF3E0632FCBECDC1F4CDA6F4CDBEA3
:10F50C00E9F5CDA6F4F10606CD82F428EE3C47D6FB
:10F51C00041E0038033C471CCD9ADE100AEE02CBC9
:10F52C005F281EE60D181A101067E6057C2004EE05
:10F53C0004180EEE01E60B1808EE08CB4F2802E675
:10F54C0007E60F4F878787874721FFBA7E1D28095B
:10F55C00E60FB0772D2D77189FE6F0B118F5381E11
:10F56C0021FCBEFEF020067EB7C835AFC9FEF120E7
:10F57C00067EB8C834AFC9FE0D20FA7EB8C0E1C310
:10F58C001EF83AFCBEFE0338023C3CFE0820013C4F
:10F59C00CDDAE10175C309010115C374E11125C36D
:10F5AC00AFCDCDF411B5C43E010E00D5F5CD9BDE2B
:10F5BC0067CDB8E9FA2044ADFFF1C641CDEDDDCD04
:10F5CC00B8E93AF920FFD1CD49F8D50EFFCB4C3E26
:10F5DC003428023E38CDEDDDCDB8E93020747261AF
:10F5EC00636B73207065722073696465FFD1CD49BC
:10F5FC00F8D5CB44CD66F5CDB8E96C65207369645C
:10F60C00656420FFCB44201BCDB8E92853696465A1
:10F61C0020FF3E30CB5428013CCDEDDD3E29CDED15
:10F62C00DD1806CDB8E9F820FFD1CD49F8CB5CCD7B
:10F63C0066F5CDB8E96C652D7374657070696E678D
:10F64C00FFC92809CDB8E9446F7562FFC9CDB8E987
:10F65C0053696E67FFC921FEBACBC6CD5FDD44ADE1
:10F66C00CB66AEC0FFCDA4EEF5CD5FDD53656C650A
:10F67C0063742066AE20666F722044ADFFF1F5C650
:10F68C0041CD5ABB3E3ACD5ABBF15FCD4EF95FDD51
:10F69C002100A3010019212EFF7E2323A3280BDDBB
:10F6AC007500DD74010CDD23DD23CD7FF9232323CD
:10F6BC0010E77932F7BEFE1038023E1032F8BEF574
:10F6CC00210505111414CD66BB0EFF1194C60690CE
:10F6DC00CDF9E0F1CD00E12322F9BECD09E1AF3245
:10F6EC00FBBE32FCBE4F3AF8BE47ED5BF9BECD3BDC
:10F6FC00F810FBCD25F8CDBEE9DA1EF8F5CD25F8CE
:10F70C00F121FCBEFEF020217EB728E73AFBBEBEFD
:10F71C0020143D32FBBE4F35CD6EDD1F01010B0AAF
:10F72C00FF1195C1182F3518CAFEF1202D3AF7BEDE
:10F73C00477E3CB828BD773AFBBE477E90FE102032
:10F74C00B2783C32FBBECD6EDD1F01110AFF1145B4
:10F75C00C63AFCBE4FCD3BF81899FE0D2095CD1E38
:10F76C00F8CD5FDD56AF207768696C652066AE74A6
:10F77C00696E67FFCDDDEFDA1EF82801AF32FEBEF1
:10F78C00CDC7F83AFCBE4FCD51F8E5CDD2EEDBB784
:10F79C0066AEB8FFE1E5CD86DDCDB8E92066AEFFFB
:10F7AC003AFFBECDFAF7CA1EFD21B0AE11B1AE01C3
:10F7BC00FF0136E5EDB0CD5FDD46AE74BBFC20FF3E
:10F7CC00E1E5CD66F7CDCAF72B36FFC5D57A119496
:10F7DC00C7CD98E1CD08FDD1CDD9F7C1C53AFEBE54
:10F7EC00B72823210118CD75BB21B0AE3A02A34F27
:10F7FC00CD41F7200910F9CD6EDDC1FF1808CD6E93
:10F80C00DD07DC45B9FFC17A15B720BFCD5FDD46FA
:10F81C00AED3FFCDDDEFE1CAAEF6C3F3FCC5E5CD4B
:10F82C0051F7E1C10C3A4EBEE63FFE08C9CDCCC93A
:10F83C003E510611C36DC62182FFCD42F928032A21
:10F84C00A3BE2B462B4E2B2B2BC5CBB87832AA0044
:10F85C00864F115205CB4020091E10CB48200311B6
:10F86C0050017E2100A32323772336022382B9384B
:10F87C000392923C10F0C13EFF3CCB3930FB4F87DA
:10F88C00878787B14F21FFBA7EE6CCB1771628E681
:10F89C00032807169FFE03C81650CB78CBB8C015AB
:10F8AC00C921FEBACBC63AFFBE4B5F3E12CDC9CAC8
:10F8BC00712B2B70C93AAA00472100A3E54A3AFFE5
:10F8CC00BAE6012805CB393801AF712377232323FE
:10F8DC0010F8E1C352C6F5CDB8E920696E2064ADCD
:10F8EC00FFF1C641CDEDDDCDB8E93A207468656E07
:10F8FC002070BAFFCD18BBEEFCC9CDF0E60C18FF9A
:10F90C00C93AFBBE473AFCBE90CDDAE1ED4BF9BEED
:10F91C0009010110C374E1C5D5CD51F80EFF13CD0B
:10F92C0086DDD1C10CE521500019EBE1C92100A302
:10F93C00060009097E23666FC9CD5FDD4C6F672019
:10F94C0057686963682044AD3A20FFCDD5E9CD1ADC
:10F95C00F9D223E57B32A8BECD85F9CDF3F9CDBF25
:10F96C00FECD13FA3AA8BE5F3E02CDC9CA56232378
:10F97C0023463E0DCDC9CA7E23234E212BFFFE010B
:10F98C0020032120FFD5CD4EF9878787875FCD5B7C
:10F99C00F9D130032118FF22A3BEC93AFFBE21734F
:10F9AC000018062156003AA8BE5FE5AFCDC9CAD1F2
:10F9BC00011600EDB021A3BE0E05EDB021FEBAED8F
:10F9CC00A0EDA0C93AFFBE217300CDFAF8C389F9A6
:10F9DC003AA8BE2156005FD5AFE5CDC9CAEBE1010F
:10F9EC001600EDB011A3BE0E05EDB011FEBAEDA0E0
:10F9FC00EDA0D1C38CF85F1600CDC0FBD032A5BEF4
:10FA0C001414CDC0FBD032A6BE2346CD45F920053B
:10FA1C002B2B2B36013AA6BE8032A7BE37C93AA68D
:10FA2C00BEFE71C03AA5BEFEC1C9CD3ADEE6033CAE
:10FA3C00FE03D887E60CC97EB737C823B97E23E509
:10FA4C002011BA200E7E23B820097E2323A328037D
:10FA5C003333C9E12323CD7FF918DC7E233CC8184E
:10FA6C00FA3AA8BE5FD53E0DCDC2CA32FDBE3E02EB
:10FA7C00CDC9CA4E237E32D8BE237E32D7BE235E7A
:10FA8C00235623ED53D5BE7E32D3BE2323CB3F3C2E
:10FA9C00E6E01F1F1F32D4BEEB231A11000006082C
:10FAAC0087ED5210FB79D6032804293D20FC22E275
:10FABC00BED13AFDBE573AD4BE473AA6BE4F21003E
:10FACC0001C93AA8BE5FCDD6F9DD214EC61804DDBA
:10FADC002166C6DD22CEBEC5E5CDCDBEE1C1242456
:10FAEC000C3AA7BEB920053AA6BE4F1410E9C9219D
:10FAFC0000A93AD3BE47AF772C7710FC3E802C2858
:10FB0C00037718FA21000022ECBE22EEBEFDE5FDC3
:10FB1C002100AB2100AA742C20FC6522DFBE3AD355
:10FB2C00BE3C470E00CD80FB20080C10F8FDE1C355
:10FB3C009FFAEBDD690C1012DD7DFD7700FD22DFF5
:10FB4C00BEFD236F26AAAF7718D4CD80FB28E6C55F
:10FB5C00CD7CFAC138DC18DD060CD5E5EB1ABE20DD
:10FB6C000E2C1C7EE67F4F1AE67FB9200210F2E1C4
:10FB7C00D1C921CCBE7E2F77C331FA21000022D906
:10FB8C00BE22DBBE22E4BE1100A9DD210001DDE5B1
:10FB9C001AFE80CA2DFBDD7E00FEE5200DDDBE01C8
:10FBAC00285C2ADBBE3AD7BE181B2AD9BE2322D921
:10FBBC00BECD99FB2AE4BE856F7CCE006722E4BEE5
:10FBCC002ADBBE23792FDDA60C0E02200422DBBE1D
:10FBDC000D21A9BE7E23B72809DD7E00FEE5282273
:10FBEC001806DD7E00BE201A060BDD23237EFE3FA9
:10FBFC002808DD7E00E67FBE200810EE18063E8247
:10FC0C001806CBE91AE640B112DDE1012000DD094E
:10FC1C001CC2B2FAAF32E1BE676F22DDBE22E6BE75
:10FC2C0022E8BE2100AB1100AA3ACCBEB7281421A1
:10FC3C0000A97EE6BF3D20077D12ED53DDBE132CDF
:10FC4C00C818EFCDDEE8D8E56E26A97EE6BF3D20CC
:10FC5C00077D12ED53DDBE13E12318E76926AA7E5A
:10FC6C00B7C8CDB7FB7EFEE5C02C7E2DFEE5C06986
:10FC7C0026AAAF77C93AD8BE472F4FDD7E0F80A199
:10FC8C001F1F1FE61F473AD7BE4FDDA60C8787877D
:10FC9C008780C92600292929292924C9D5CD92C7AD
:10FCAC00CD6CC5D1D03E0FCDC9CA7E37C9CD5FDD75
:10FCBC0044ADCB76AFC0FFCDD5E932FFBEF5CDD28A
:10FCCC00EEDBB776AFFFF1CDFAF7C8CDC7F83AFF48
:10FCDC00BECD1AF9D21EFDCD8CF8CDD2EE44B5694D
:10FCEC007320FF2AA3BE0EFFCD86DDCDB8E92066BA
:10FCFC00AEDC56AFBBFFED53F3BECDF0E60C1F02EE
:10FD0C000245B973C01A0B370417FFCD5BF7AF323E
:10FD1C00FEBE3AFFBE5F7A16003A02A34FD5D5C598
:10FD2C007AED5BF3BECD98E1C1D1AF32F6BECD0812
:10FD3C00FDC5D521B0AE3E023266BECD66C63E10C4
:10FD4C003266BE38083E0132F6BE32FEBED1C1303C
:10FD5C00030C10DAED5BF3BE1313133AF6BEB70EB9
:10FD6C00FF2818CDB8E9DC45B9FFE1E56C2600CDDC
:10FD7C00A0CBCD6EDD072020FF1805CDB8E9C1FF63
:10FD8C00CD63F77AD114BA30903AFEBEB7280FCDB6
:10FD9C005FDD56AF204661696C6564FF182BCD5F43
:10FDAC00DD4E6F2065B97320666F756E64FFCD7C78
:10FDBC00EB2016CDF9FCCDB8E9DCDB6C6F67676521
:10FDCC006420B6FFCDC6EB1803CDADF031FEBFCD30
:10FDDC001EF8C3F4F8CD78BB7CC67F5F16C70EFF48
:10FDEC00C9F6FFC9CD09BB30F8FEFCC0CD8ABBCD2E
:10FDFC0006BBF5CD8DBBF1FEFCC0CD5FDD4F706554
:10FE0C00726174696F6E2061626F72746564FF1841
:10FE1C009DCD4EE12138F122D1BE2100AACDE4E8DE
:10FE2C00D8E5CDC7F1E12318F4CD49E12198F118BB
:10FE3C00E6CD75BBDDE5E1CD73DD2B2B7EFE202001
:10FE4C00032B10F823C9DD21C3BE22F0BE0603CD5F
:10FE5C0055FDCD0FE71176FDFE0DC8FEF3C8D5FE9E
:10FE6C0080D0FE10CA28FEFE7FCA36FE79FE30D83E
:10FE7C00FE3AD078FE03C8FE022016DD7E00FE326C
:10FE8C002802180CDD7E01FE352802180379FE3697
:10FE9C00D0C345FEDD21B6BE3EAF32F6BE22F0BE6B
:10FEAC00060CCD55FDCD0FE71192FE1A13B72805A0
:10FEBC00B920F818F011C9FD79FE0DC8FEF2C8D5AD
:10FECC00FE80D03AF6BEB7792006FE2AC8FE3FC89F
:10FEDC00545DFE10282EFE7F283878FE0CC879FE63
:10FEEC002E283A78B728172B7E23FE2AC8CDA4FEDD
:10FEFC00300678FE08D0180690ED44FE03D079FE4B
:10FF0C0021D8181D78B7C80E202B710578CD49FE65
:10FF1C0018F278B7C80E202B7105781808CDA4FEFE
:10FF2C00D071237804CD51FE79C35ABB78E52AF001
:10FF3C00BE8467CD75BBE1C921ABBE11B6BE010C49
:10FF4C0008CD70FE06031A13FE2E201779B7C81AB7
:10FF5C00130DFE2A2811FE2E2808CD0CCB7723106A
:10FF6C00EBC91B3E2018023E3F772310FCC9252805
:10FF7C00295F3D7C5B5D3B3A3C3E2C2F5C2525008C
:10FF8C0078B7C8C51B1AFE2E78280310F737C1C9DD
:10FF9C002AA700242422A50009180322A7003E80CA
:10FFAC0032A10032A400AF6F229F0022A200255C78
:10FFBC00572A9A00ED52229D00329C001128C7CD81
:10FFCC0083E111D8C62A9D00C383E1FF01003F3FA6
:10FFDC003F3F3F3F3F3F3F3F3F2A2E2A20202020DC
:10FFEC002020202020FF202020FF202020FF0000A8
:04FFFC00C30000C37B
:020000040801F1
:10000000554E4B4E4F574EFF7104C7FC8A4D533827
:100010003030FF9104C7FC0AC63830FF8103CCFFA3
:100020008AC63431FFA104C7FA0AC6343044FF013E
:100030000467F809C231FF210467F809C232FF11D1
:10004000048FF80AC23130FF31048FF80AC232300F
:10005000FF5104C7FA0AC23430FF7104C7FC0A53C7
:100060002D444F53FFC103B3FF09C4C7FFC104B3FD
:100070002A09C4C8FFC104B34C09C4C9FFC105B3F0
:10008000F809C4CAFF4103AAFF09C3C7FF4104AE70
:100090002A09C3C8FF4104AE4C09C3C9FF4105B0DA
:1000A000F809C3CAFF01039BFF08C5C7FF01049DF0
:1000B0002A08C5C8FF01049D4C08C5C9FF01059E5B
:1000C000F808C5CAFF0103AEFF09D5C7FF010464E4
:1000D000F809D5CAFF1003CCFF8AD0FF0105B0F89C
:1000E00009D4FF00000003C73E410C4111412741E4
:1000F00036410341064115410F410E41264113414E
:100100002941024119410A410B4100003A73656DD2
:1001100069686F7374696E672D6665617475726561
:10012000730000003A747400222A2B2C3A3B3C3DA9
:100130003E3F5B5D7C7F000046415433320000004F
:080140000801FF7F010000002F
:040148002902000880
:04014C0001020008A4
:10015000000000000000000000000000000000009F
:10016000000000000000000000000000000000008F
:10017000000000000000000000000000000000007F
:10018000000000000000000000000000000000006F
:10019000000000000000000000000000000000005F
:1001A000000000000000000000000000000000004F
:1001B000000000000000000000000000000000003F
:1001C000000000000000000000000000000000002F
:1001D000000000000000000000000000000000001F
:1001E000000000000000000000000000000000000F
:1001F00000000000000000000000000000000000FF
:1002000000000000000000000000000000000000EE
:1002100000000000000000000000000000000000DE
:1002200000000000000000000000000000000000CE
:1002300000000000000000000000000000000000BE
:1002400000000000000000000000000000000000AE
:10025000000000000000000000000000000000009E
:100260000000000014000020FF000000000000005B
:100270000300000004020020AD0C00083001002043
:1002800000000000040200206C020020D4020020C4
:10029000000000000000000000000000000000005E
:1002A000000000000000000000000000000000004E
:1002B000000000000000000000000000000000003E
:1002C000000000000000000000000000ADDEFECADB
:1002D000FFFFFFFFFFFFFFFF000C0240000C02408A
:1002E000000C0240000C024000000240000E2707F4
:1002F00000000000000000000040024001400240F9
:1003000000000010000000000000000000000000DD
:1003100000000000000000000000000000000000DD
:1003200000000000000000000000000000000000CD
:04033000FFFFFFFFCD
:0400000508007FD997
:00000001FF
